,source,reference,court,nameFirst,nameLast,testator,shipName, dateOfWill,dateOfProbate,role,married,sick,notes,will,summary,transcription,,
29,LMA Microfilm,,C,Thomas,Apcoot,Thomas Apcoot,Thomas ,1613-08-25,1613-11-05,,,,unsure ship name,,,,,
30,,,C,Arthure,Archer,Arthure Archer,Swann,,1620-01-01,,,,,,,,,
60,,,C,Henry,Bamford,Henry Bamford,Royal James,,1621-01-01,,,,probate date: missing month, probate date: missing day,,,,
64,LMA Microfilm,9171/19/431,P,Stephen,Bardall,Stephen Bardall,Dragon,1602-09-20,1603-10-22,,,,alternate last name: Burdell,,,,,
66,,,C,Thomas,Barkings,Thomas Barkings,Paulsgrave,,1623-01-01,,,,alternate last name: Barkinge, probate date: missing month, probate date: missing day,,,
82,,,C,Paul,Bartleson,Paul Bartleson,Paulsgrave,,1621-01-01,,,,alternate last name: Barttleson, alternate last name: Bartlesonn, probate date: missing month, probate date: missing day,,
92,LMA Microfilm,,C,ffrauncis,Bell,ffrauncis Bell,James,1612-11-17,1615-09-20,,,,,,,,,
98,,,C,William,Bennis,William Bennis,Trades Increase,,1614-01-01,,,,probate date: missing month, probate date: missing day,,,,
101,,,C,John,Bernard,John Bernard,Royal James,,1621-01-01,,,,probate date: missing month, probate date: missing day,,,,
124,,,C,Thomas,Blastocke,Thomas Blastocke,,,1609-01-01,,,,probate date: missing month, probate date: missing day,,,,
129,LMA Microfilm,,C,William,Blunt,William Blunt,,1613-01-30,1615-01-04,,,,,,,,,
134,,,P,Robert,Bonner,Robert Bonner,,1618-02-06,1620-10-27,,,,,,,,,
140,LMA Microfilm,9171/22/213,C,John,Borrell,John Borrell,Solomon,1612-11-02,1613-10-30,,,,alternate last name: Burrel, Alternate last name: Burrell,,,,
145,,,P,Richard,Bowden,Richard Bowden,Charles,,1619-01-01,,,,probate date: missing month, probate date: missing day,,,,
149,LMA Microfilm,,C,William,Bownes,William Bownes,Trades Increase,1611-06-21,1614-07-09,,,,,,,,,
153,,,P,Humfrey,Boyes,Humfrey Boyes,Blessing,,1629-01-01,,,,probate date: missing month, probate date: missing day,,,,
158,,,C,Sam,Bradshaw,Sam Bradshaw,,,1611-01-01,,,,probate date: missing month, probate date: missing day,,,,
176,LMA Microfilm,,C,Robert,Brookes,Robert Brookes,Dragon,,1617-07-15,,,,,,,,,
177,LMA Microfilm,,C,John,Brown,John Brown,Clove,1615-04-25,1617-06-30,,,,,,,,,
183,,9171/21/184,C,Thomas,Browne,Thomas Browne,,,1609-10-17,surgeon,,,,,,,,
184,,,C,Thomas,Browne,Thomas Browne,,1615-01-14,1615-09-22,,,,,,,,,
187,LMA Microfilm,,C,John,Brunchehurste,John Brunchehurste,Trades Increase,,1614-08-02,,,,,,,,,
204,,,C,Jas,Burrowes,Jas Burrowes,Star,,1623-01-01,,,,probate date: missing month, probate date: missing day,,,,
218,LMA Microfilm,,C,James,Canader,James Canader,Charles,1618-08-28,1618-09-17,,,,alternate last name: Kennedy,,,,,
219,,,C,Robert,Cane,Robert Cane,Bull,,1622-01-01,steward,,,probate date: missing month, probate date: missing day,,,,
224,LMA Microfilm,,C,Robert,Carlebey,Robert Carlebey,Consent,1606-03-01,1609-01-21,,,,will date: missing day, corrected ship name: Content,,,,
236,LMA Microfilm,,C,Samuell,Cavell,Samuell Cavell,,1616-11-02,1617-07-03,,,,,,,,,
248,LMA Microfilm,9171/20/192,C,Owen,Chapman,Owen Chapman,Tiger,1604-10-19,1606-07-15,,,,,,,,,
252,LMA Microfilm,,C,Richard,Chaser,Richard Chaser,Hector,1618-01-13,1617-06-18,,,,alias: Stockton, additonal will: n.d.,,,,
258,,,C,Josh,Child,Josh Child,James,,1623-01-01,,,,probate date: missing month, probate date: missing day,,,,
260,LMA Microfilm,,C,John,Chocke,John Chocke,Dragon,1613-12-21,1614-07-30,,,,,,,,,
273,LMA Microfilm,,C,William,Clarke,William Clarke,Diamond,,1625-01-01,,,,probate date: missing month, probate date: missing day,,,,
274,,,C,Henry,Clarkson,Henry Clarkson,Lion,,1623-01-01,,,,alternate last name: Clerkson, alternate last name: Clarckson, corrected ship name: Lyon, probate date: missing month, probate date: missing day,
276,,,C,William,Clee,William Clee,Globe,,1623-01-01,,,,probate date: missing month, probate date: missing day,,,,
283,LMA Microfilm,,C,Ralphe,Cocke,Ralphe Cocke,Trades Increase,1613-06-26,1615-01-10,,,,corrected first name: Ra1phe,,,,,
289,LMA Microfilm,,C,Simon,Colfox,Simon Colfox,Clove,1615-04-19,1617-07-14,,,,,,,,,
292,,,C,Obed,Collins,Obed Collins,New Year's Gift,,1621-01-01,,,,probate date: missing month, probate date: missing day,,,,
294,LMA Microfilm,9171/22/222,C,Ellis,Comes,Ellis Comes,Hector,1613-08-27,1613-11-16,,,,alternate last name: Combes,,,,,
301,LMA Microfilm,,C,Robert,Coop,Robert Coop,Trades Increase,1613-04-06,1614-06-23,,,,alternate last name: Cooper,,,,,
313,,,C,William,Coumes,William Coumes,James   ,,1620-01-01,,,,alternate last name: Covmes, probate date: missing month, probate date: missing day,,,
314,,,C,Thomas,Country,Thomas Country,Eagle,,1623-01-01,purser,,,probate date: missing month, probate date: missing day,,,,
333,,,P,Thomas,Crowch,Thomas Crowch,Defence,,1621-01-01,,,,probate date: missing month, probate date: missing day,,,,
338,,,C,John,Cumberland,John Cumberland,,,1609-01-01,,,,probate date: missing month, probate date: missing day,,,,
355,LMA Microfilm,,C,Henry,Darnam,Henry Darnam,,1608-03-07,1611-04-08,,,,,,,,,
357,,,C,John,Davies,John Davies,Bull,,1622-01-01,,,,probate date: missing month, probate date: missing day,,,,
358,,,C,Francis,Davis,Francis Davis,Exchange,,1623-01-01,,,,probate date: missing month, probate date: missing day,,,,
364,,,C,Robert,Davis,Robert Davis,,,1613-01-01,,,,alternate last name: Davies,probate date: missing month, probate date: missing day,,,
366,LMA Microfilm,,C,Thomas,Davis,Thomas Davis,Floriander,1612-01-20,1617-07-17,,,,unsure ship name: Floriander, additional ship: Hollander,,,,
367,LMA Microfilm,,C,Thomas,Davis,Thomas Davis,James,1617-08-14,1618-09-18,,,,,,,,,
391,,,C,George,Dowlasse,George Dowlasse,Globe,,1621-01-01,,,,alternate last name: Dowglass, alternate last name: Dowglasse, probate date: missing month, probate date: missing day,,
407,,,C,Thomas,Dyne,Thomas Dyne,Diamond,,1624-01-01,,,,probate date: missing month, probate date: missing day,,,,
409,,,C,Constantine,Eackles,Constantine Eackles,,1614-06-25,1615-09-21,,,,alternate last name: Eccles,,,,,
416,,,C,Thomas,Eley,Thomas Eley,Expedition,,1617-01-01,,,,probate date: missing month, probate date: missing day,,,,
417,,,C,Jeofrey,Elford,Jeofrey Elford,Charles,1618-04-25,1618-09-15,,,,alternate last name: Ilford,,,,,
418,,,P,John,Elger,John Elger,Blessing,,1625-01-01,,,,probate date: missing month, probate date: missing day,,,,
419,,,C,Edm,Elkin,Edm Elkin,,,1609-01-01,,,,probate date: missing month, probate date: missing day,,,,
424,,,P,Robert,Ellingworth,Robert Ellingworth,Charles,1618-04-12,1618-09-28,,,,unsure ship name,,,,,
426,,,C,John,Elliot,John Elliot,Exchange,,1624-01-01,,,,alternate last name: Ellyott, probate date: missing month, probate date: missing day,,,
429,,,C,Robert,Ellis,Robert Ellis,New Year's Gift,1616-06-05,1616-07-17,,,,,,,,,
432,,11/135/175,P,Henry,Eltonhead,Henry Eltonhead,,,1620-02-12,merchant,,,,,,,,
436,,,C,William,Essex,William Essex,Royal James,,1621-01-01,,,,probate date: missing month, probate date: missing day,,,,
438,LMA Microfilm,,C,Robert,Etton,Robert Etton,Darling,1618-05-27,1618-11-02,,,,,,,,,
439,,,C,Richard,Evans,Richard Evans,Anne,,1619-01-01,,,,probate date: missing month, probate date: missing day,,,,
442,LMA Microfilm,9052/4/xx,A,Thomas,Eves,Thomas Eves,Trades Increase,1613-04-03,1614-07-05,,,,alternate last name: Eues,,,,,
443,,,P,William,Ewards,William Ewards,London,,1627-01-01,,,,probate date: missing month, probate date: missing day,,,,
444,,no OW,C,Abraham ,Eyck/Ekee,Abraham  Eyck,Bee,,1623-01-01,,,,alternate last name: Ekee, alternate last name: Eekee, probate date: missing month, probate date: missing day,,
449,,,C,Sam,Fenton,Sam Fenton,Diamond,,1623-01-01,,,,probate date: missing month, probate date: missing day,,,,
455,,11/128/174,P,Thomas,fferries,Thomas fferries,New Year's Gift,1616-01-29,1616-08-03,sailor,,,,,,,,
456,LMA Microfilm,,C,Peter,ffewin,Peter ffewin,Clove,1616-09-10,1617-07-05,,,,,,,,,
457,,,C,Balthaser,ffifeild,Balthaser ffifeild,,1617-11-11,1618-09-12,,,,,,,,,
459,,,C,William,ffinch,William ffinch,,1612-01-27,1614-06-24,,,,,,,,,
461,,,P,Robert,ffithey,Robert ffithey,Charles,1617-05-07,1618-09-16,,,,,,,,,
467,,,C,Robert,ffox,Robert ffox,Peppercorn,1616-05-03,1617-10-10,,,,,,,,,
471,LMA Microfilm,,C,William,ffrauncis,William ffrauncis,,1614-07-25,1614-08-15,,,,,,,,,
473,,,C,Robert,ffrickley,Robert ffrickley,Trades Increase,1613-03-30,1615-02-28,,,,probate date: earlier,,,,,
478,,,C,William,Fletcher,William Fletcher,Royal Exchange,,1625-01-01,,,,probate date: missing month, probate date: missing day,,,,
480,,,C,Richard,Flud,Richard Flud,Moon,,1625-01-01,,,,probate date: missing month, probate date: missing day,,,,
481,,,C,Costen ,Fortmer,Costen Fortmer,Charles,,1621,,,,,,,,,
483,,,C,Michael,Frankland,Michael Frankland,Charles,,1622-01-01,,,,alternate last name: Franckland, probate date: missing month, probate date: missing day,,,
486,,,C,Peter,Frewin,Peter Frewin,Clove,,1617-01-01,,,,probate date: missing month, probate date: missing day,,,,
487,,,C,Robert,Friend,Robert Friend,New Year's Gift,,1621-01-01,,,,probate date: missing month, probate date: missing day,,,,
489,,,C,Thomas,Fuller,Thomas Fuller,,,1613-01-01,,,,probate date: missing month, probate date: missing day,,,,
490,,,C,Thomas,Furnisall,Thomas Furnisall,Royal Exchange,,1623-01-01,,,,probate date: missing month, probate date: missing day,,,,
493,,,C,William,Gamels,William Gamels,Anne,,1619-01-01,,,,probate date: missing month, probate date: missing day,,,,
494,,,C,John,Gammell,John Gammell,Paulsgrave,,1623-01-01,,,,alternate last name: Gamull, probate date: missing month, probate date: missing day,,,
495,,,C,William,Gascoyne,William Gascoyne,Dragon,,1614-01-01,,,,alternate last name: Gascon, probate date: missing month, probate date: missing day,,,
497,,9171/20/185,C,Thomas,Gaytes,Thomas Gaytes,Ascension,1604-01-06,1606-06-24,,,,additional ship: Hector,,,,,
500,,11/123/732,C,John,Geles,John Geles,,1612-12-15,1614-07-21,1/4 master,,,alternate last name: Giles,,,,,
501,,,P,John,George,John George,Charles,,1622-01-01,,,,probate date: missing month, probate date: missing day,,,,
502,,,P,John,George,John George,Defence,1617-03-12,1618-09-14,,,,corrected ship name: Great Defence,,,,,
503,,,C,Raph,Geoyles,Raph Geoyles,Hector,1614-02-24,1617-06-19,,,,alternate last name: Giles,,,,,
504,,,C,William,Gerrom,William Gerrom,Trades Increase,1613-05-02,1614-07-21,,,,,,,,,
506,,,P,John,Giles,John Giles,Trades Increase,1613-03-22,1614-06-29,,,,,,,,,
509,,11/102/345,P,John,Godderd,John Godderd,Hector,1602-11-29,1603-11-02,,,,,,,,,
510,,,P,Edward,Goodall,Edward Goodall,Charles,1617-12-13,1618-09-23,,,,,,,,,
513,,,C,John,Goodson,John Goodson,,,1621-01-01,,,,probate date: missing month, probate date: missing day,,,,
514,,,C,Henry,Gosling,Henry Gosling,Moon,,1620-01-01,,,,alternate last name: Goslinge, probate date: missing month, probate date: missing day,,,
516,,,P,John,Goulding,John Goulding,Elizabeth,1612-10-06,1624-10-07,,,,,,,,,
517,,,C,James,Gourdonne,James Gourdonne,,1617-09-09,1618-09-19,,,,alternate last name: Gordon,,,,,
518,,,P,Robert,Grafton,Robert Grafton,Charles,,1628-01-01,,,,probate date: missing month, probate date: missing day,,,,
519,,,C,Alonco,Grancilla,Alonco Grancilla,Peppercorn,1611-09-11,1614-02-10,,,,,,,,,
520,,11/126/131,P,James,Grantham,James Grantham,James,1614-05-05,1615-09-18,,,,unsure ship name,,,,,
523,,,C,Thomas,Graye,Thomas Graye,Thomas,,1613-11-05,,,,unsure ship name,,,,,
524,,,P,Henry,Greene,Henry Greene,Hector,1613-09-02,1613-10-30,,,,,,,,,
527,,,C,Thomas,Greenehough,Thomas Greenehough,Jonas,,1623-01-01,,,,probate date: missing month, probate date: missing day,,,,
531,,,C,John,Griffen,John Griffen,Royal James,,1621-01-01,,,,probate date: missing month, probate date: missing day,,,,
532,,,C,Raphe,Griffen,Raphe Griffen,New Year's Gift,1615-11-12,1617-07-01,,,,date of probate corrected: n.o7.17, probate date: missing day,,,,
533,,11/108/132v,P,William,Griffin,William Griffin,Susan,1605-01-13,1606-09-13,,,,,,,,,
534,,11/102/220v,P,Evans,Griffine,Evans Griffine,Dragon,1603-05-01,1603-10-17,,,,,,,,,
535,,11/123/714,P,Richard,Griffines,Richard Griffines,Trades Increase,1613-04-03,1614-06-27,surgeon's mate,,,,,,,,
537,,,C,Robert,Griggs,Robert Griggs,Charles,,1622-01-01,,,,probate date: missing month, probate date: missing day,,,,
538,,,C,Thomas,Griggs,Thomas Griggs,Dragon,1615-06-06,1617-06-16,,,,,,,,,
539,,,C,Joseph,Grigson,Joseph Grigson,Rose,,1620-01-01,,,,extra name: Radcliff, probate date: missing month, probate date: missing day,,,
540,,,P,Peter,Grilles,Peter Grilles,,1615-04-08,1617-06-27,,,,,,,,,
541,,,C,John,Guillingham,John Guillingham,Trades Increase,1613-04-27,1614-10-31,,,,alternate last name: Gillingham,,,,,
542,,,C,John,Gulson,John Gulson,Eagle,,1622-01-01,,,,probate date: missing month, probate date: missing day,,,,
543,,,C,John,Gunston,John Gunston,Paulsgrave,,1622-01-01,,,,alternate last name: Gunstone, probate date: missing month, probate date: missing day,,,
544,,,P,John,Gunter,John Gunter,Discovery,,1625-01-01,,,,probate date: missing month, probate date: missing day,,,,
545,LMA Microfilm,,P,John,Gurney,John Gurney,,1612-01-28,1618-09-25,,,,,,,,,
547,,,C,Edward,Gynne,Edward Gynne,Globe,1616-01-30,1617-07-19,,,,alternate last name: Ginns,,,,,
548,,,C,John,Haies,John Haies,Charles,,1618-01-01,,,,probate date: missing month, probate date: missing day,,,,
551,,,C,Paule,Hall,Paule Hall,James,1613-05-15,1615-10-20,,,,,,,,,
557,,,C,William,Hamnett,William Hamnett,Royal Exchange,,1623-01-01,,,,probate date: missing month, probate date: missing day,,,,
560,,11/124/306,P,Robert,Hancocke,Robert Hancocke,Trades Increase,1613-03-26,1614-08-25,sailor,,,,,,,,
561,,,P,John,Handfield,John Handfield,,1612-12-01,1614-07-02,,,,,,,,,
565,,,C,Francis,Harper,Francis Harper,Anne,,1624-01-01,,,,probate date: missing month, probate date: missing day,,,,
566,,,C,William,Harper,William Harper,Paulsgrave,,1623-01-01,,,,probate date: missing month, probate date: missing day,,,,
568,,,P,William,Harrision,William Harrision,Hector,1613-08-16,1613-10-22,,,,,,,,,
569,,,C,Francis,Harvey,Francis Harvey,Diamond,,1622-01-01,,,,probate date: missing month, probate date: missing day,,,,
570,,9171/22/213v,C,George,Harwood,George Harwood,Hector,1613-02-13,1613-11-02,,,,,,,,,
574,,,C,George,Hawkins,George Hawkins,Expedition,1615-01-23,1617-03-20,,,,,,,,,
575,,9171/21/265,C,John,Hawkins,John Hawkins,Hector,1609-11-13,1610-06-25,,,,,,,,,
577,,,P,George,Hayes,George Hayes,Charles,1618-04-03,1618-09-16,,,,,,,,,
578,,11/107/401v,P,Thomas,Hayles,Thomas Hayles,Dragon,1605-03-19,1606-06-06,,,,,,,,,
580,,,P,John,Haynes,John Haynes,Abigail,,1627-01-01,,,,probate date: missing month, probate date: missing day,,,,
581,,,C,Robert,Haynes,Robert Haynes,Hector,1613-09-02,1614-03-11,,,,,,,,,
582,,,P,John,Hayward,John Hayward,Exchange,,1625-01-01,,,,probate date: missing month, probate date: missing day,,,,
585,,,C,Ralph,Hearne,Ralph Hearne,,,1614-01-01,,,,uncertain first name, probate date: missing month, probate date: missing day,,,
586,,,C,Thomas,Heath,Thomas Heath,New Year's Gift,1614-02-12,1618-09-12,,,,,,,,,
587,,,P,Thomas,Heath,Thomas Heath,New Year's Gift,1614-02-14,1618-09-07,,,,,,,,,
589,LMA Microfilm,,C,William,Heathfeild,William Heathfeild,Diamond,1622-07-06,1622-08-09,,,,,,,,,
590,,,C,Thomas,Hebblethwaite,Thomas Hebblethwaite,Exchange,,1623-01-01,,,,alternate last name: Heblethwit, probate date: missing month, probate date: missing day,,,
591,,,P,Percy,Hedges,Percy Hedges,New Year's Gift,,1622-01-01,,,,probate date: missing month, probate date: missing day,,,,
593,,9171/21/203v,C,Anthony,Hedworth,Anthony Hedworth,,1609-04-06,1609-12-05,,,,,,,,,
594,,,C,John,Hellilfield,John Hellilfield,Hector,,1622-01-01,,,,alternate last name: Ellifield, probate date: missing month, probate date: missing day,,,
595,,,C,William,Helme,William Helme,Merchant's Hope,,1623-01-01,,,,probate date: missing month, probate date: missing day,,,,
596,,,P,John,Helmer,John Helmer,Charles,,1626-01-01,,,,probate date: missing month, probate date: missing day,,,,
597,,,C,John,Hemingway,John Hemingway,White Bear,,1625-01-01,,,,probate date: missing month, probate date: missing day,,,,
603,,,C,John,Hertfordshire,John Hertfordshire,William,,1625-01-01,,,,alternate last name: Hartfordshiere, probate date: missing month, probate date: missing day,,,
604,,,C,Sam,Hewes,Sam Hewes,Hope,,1618-01-01,,,,probate date: missing month, probate date: missing day,,,,
605,,11/124/700,P,ffrauncis,Hewetson,ffrauncis Hewetson,Trades Increase,1613-04-22,1614-12-19,,,,alternate last name: Huetson,,,,,
606,LMA Microfilm,,C,Richard,Heye,Richard Heye,,1613-10-30,1614-01-13,,,,,,,,,
607,,,P,John,Hickman,John Hickman,Solomon,1617-01-13,1618-11-13,,,,,,,,,
608,,,P,Thomas,Hickocke,Thomas Hickocke,,1612-09-28,1613-10-29,,,,,,,,,
610,,,C,Edmund,Hicks,Edmund Hicks,Solomon,1617-07-11,1618-09-18,,,,unsure ship name: Solomon, additional ship: Charles,,,,
611,,,C,Boniface,Hide,Boniface Hide,Clove,,1623-01-01,,,,probate date: missing month, probate date: missing day,,,,
615,LMA Microfilm,,C,Josias,Hillary,Josias Hillary,Bull,,1621-01-01,,,,alternate last name: Ellary, probate date: missing month, probate date: missing day,,,
617,,,C,John,Hills,John Hills,Sampson,,1624-01-01,,,,probate date: missing month, probate date: missing day,,,,
619,,,C,Robert,Hills,Robert Hills,Clove,,1621-01-01,,,,probate date: missing month, probate date: missing day,,,,
620,,,C,William,Hills,William Hills,,1613-04-22,1614-12-05,,,,,,,,,
621,LMA Microfilm,,C,William,Hills,William Hills,,1615-06-06,1617-06-16,,,,,,,,,
622,,11/128/137,P,Edward,Hillton,Edward Hillton,New Year's Gift,1615-11-22,1616-07-22,sailor,,,,,,,,
623,,,P,Henry,Hitchiocke,Henry Hitchiocke,Exchange,,1623-01-01,,,,probate date: missing month, probate date: missing day,,,,
624,,,P,Robert,Hobbes,Robert Hobbes,Charles,,1618-01-01,,,,probate date: missing month, probate date: missing day,,,,
626,,,P,Edward,Holland,Edward Holland,Faulcon,,1627-01-01,,,,probate date: missing month, probate date: missing day,,,,
628,,11/102/175v,P,John,Hollidaye,John Hollidaye,Hector,1602-10-02,1603-10-19,,,,,,,,,
629,,9171/22/222v,C,William,Holman,William Holman,,1608-12-18,1613-11-16,,,,,,,,,
630,,,C,Thomas,Holme,Thomas Holme,,1613-09-08,1614-06-22,,,,alternate last name: Holmes,,,,,
631,,,C,Griffith,Holmes,Griffith Holmes,Eagle,,1622-01-01,,,,probate date: missing month, probate date: missing day,,,,
633,,,P,Mark,Hookenett,Mark Hookenett,Charles,,1626-01-01,,,,probate date: missing month, probate date: missing day,,,,
634,,11/123/703,P,John,Hooper,John Hooper,Trades Increase,1613-03-05,1614-05-23,sailor,,,,,,,,
635,,11/107/347v,P,James,Hope,James Hope,Dragon,1605-01-20,1606-06-11,,,,,,,,,
636,,,P,Thomas,Hopwood,Thomas Hopwood,Jonas,,1623-01-01,,,,probate date: missing month, probate date: missing day,,,,
637,,,C,John,Hore,John Hore,Expedition,1616-10-30,1616-11-26,,,,corrected ship name: Expedition,,,,,
639,,9152/4/xx ,A,Thomas,Horrell,Thomas Horrell,Darling,1612-11-23,1614-07-20,,,,,,,,,
643,,,C,William,Howell,William Howell,Globe,1612-09-03,1615-09-20,,,,,,,,,
644,,,P,William,Howell,William Howell,Hope,,1618-01-01,,,,probate date: missing month, probate date: missing day,,,,
645,,,C,Samuell,Howes,Samuell Howes,Hope,1617-12-09,1618-10-05,,,,alternate last name: Hughes,,,,,
646,LMA Microfilm,,C,William,Hoyden,William Hoyden,Dragon,1614-05-13,1614-06-23,,,,,,,,,
649,LMA Microfilm,,C,Jesper,Huggoner,Jesper Huggoner,Trades Increase,1612-05-04,1614-09-13,,,,,,,,,
650,,,P,David,Hughes,David Hughes,Dragon,1613-10-18,1614-07-04,,,,,,,,,
651,LMA Microfilm,,C,Griffine,Hughes,Griffine Hughes,,1616-07-16,1616-08-17,,,,,,,,,
652,,,P,William,Hugheson,William Hugheson,Trades Increase,1613-04-25,1614-07-06,sailor,,,,,,,,
653,,11/101/393,P,Thomas,Humble,Thomas Humble,Ascension,,1603-07-01,,,,,,,,,
654,,,C,John,Humbye,John Humbye,Lion,,1616-10-24,,,,,,,,,
655,,,P,James,Humfrey,James Humfrey,,1610-02-22,1614-06-24,,,,,,,,,
657,,,C,Mathew,Hunt,Mathew Hunt,Clove,1613-02-08,1614-12-18,carpenter?,,,unsure ship name,,,,,
659,LMA Microfilm,,C,William,Hunter,William Hunter,,1617-10-21,1618-09-15,,,,,,,,,
660,,,P,Robert,Huntley,Robert Huntley,Charles,,1626-01-01,,,,probate date: missing month, probate date: missing day,,,,
664,,,C,Thomas,Hutchins,Thomas Hutchins,Rose,,1620-01-01,,,,probate date: missing month, probate date: missing day,,,,
666,LMA Microfilm,9171/20/172,C,Robert,Iland,Robert Iland,Dragon,1605-11-17,1606-05-31,,,,,,,,,
667,LMA Microfilm,no OW,C,Ralph,Ingolsby,Ralph Ingolsby,Star,,1623-01-01,surgeon,,,probate date: missing month, probate date: missing day,,,,
670,,,P,Christopher,Jackson,Christopher Jackson,Hope,1617-12-09,1618-09-12,,,,unsure ship name,,,,,
673,,,C,Cornelius,Jacobbes,Cornelius Jacobbes,Trades Increase,1613-02-10,1619-01-22,,,,,,,,,
674,,,C,William,Jagges,William Jagges,New Year's Gift,1617-01-11,1620-04-13,,,,alternate last name: Jakes,,,,,
676,LMA Microfilm,9171/20/174v,C,William,James,William James,,1604-03-09,1606-06-03,,,,,,,,,
677,,,C,John,Jane,John Jane,Charles,,1622-01-01,,,,probate date: missing month, probate date: missing day,,,,
678,,,C,Richard,Jarrett,Richard Jarrett,Lion,,1623-01-01,,,,corrected ship name: Lyon, probate date: missing month, probate date: missing day,,,
680,,,P,Nicholas,Jefferie,Nicholas Jefferie,London,,1627-01-01,,,,probate date: missing month, probate date: missing day,,,,
682,,,C,Anthony,Jefferson,Anthony Jefferson,,,1610-01-01,,,,probate date: missing month, probate date: missing day,,,,
683,LMA Microfilm,,C,Edward,Jelley,Edward Jelley,Royal Exchange,,1623-01-01,,,,alternate last name: Jellie, probate date: missing month, probate date: missing day,,,
684,,,C,Richard,Jenings,Richard Jenings,Hector,1616-01-20,1616-07-10,,,,additonal ship: New Year's Gift,,,,,
685,LMA Microfilm,9171/20/174v,C,John,Jenkines,John Jenkines,Dragon,1604-01-17,1606-06-03,,,,alternate last name: Jenkins,,,,,
686,,,C,George,Jenkinson,George Jenkinson,New Year's Gift,,1621-01-01,,,,corrected ship name: Lyon, probate date: missing month, probate date: missing day, additional ship: Lion,,
687,,,P,John,Jennings,John Jennings,Discovery,,1626-01-01,,,,probate date: missing month, probate date: missing day,,,,
688,LMA Microfilm,,C,William,Jerome,William Jerome,Trades Increase,,1614-01-01,,,,alternate last name: Gerrom, alternate last name: Gerrum, probate date: missing month, probate date: missing day,,
690,,,C,Edward,Johnes,Edward Johnes,Bear,,1624-01-01,,,,probate date: missing month, probate date: missing day, corrected ship name: Beare,,,
691,,,C,Abraham,Johnson,Abraham Johnson,Advice,,1620-01-01,,,,probate date: missing month, probate date: missing day,,,,
692,,,C,Gilbt,Johnson,Gilbt Johnson,Charles,,1621-01-01,,,,probate date: missing month, probate date: missing day,,,,
696,,,C,Peter,Johnson,Peter Johnson,Charles,1618-05-22,1618-09-23,,,,,,,,,
698,,,C,Thomas,Johnson,Thomas Johnson,Susan,,1606-06-11,,,,,,,,,
699,,,C,William,Johnson,William Johnson,Bull,,1624-01-01,sailor,,,probate date: missing month, probate date: missing day,,,,
702,LMA Microfilm,9171/20/177v,C,George,Jones,George Jones,Dragon,1605-01-23,1606-06-11,,,,,,,,,
704,,,P,Hugh,Jones,Hugh Jones,Hart,,1626-01-01,,,,probate date: missing month, probate date: missing day,,,,
707,,,C,Richard,Jones,Richard Jones,James   ,,1620-01-01,,,,probate date: missing month, probate date: missing day,,,,
708,,11/139/627,P,Robert,Jones,Robert Jones,Hart,,1622-06-26,carpenter's mate,,,,,,,,
709,LMA Microfilm,,C,Thomas,Jones,Thomas Jones,Clove,1614-01-28,1614-12-15,,,,unsure ship name,,,,,
710,,,P,Thomas,Jones,Thomas Jones,,1613-04-23,1614-07-22,,,,,,,,,
711,,,,Howell,Jones - Joanes,Howell Jones,Elizabeth,,1621,cooper,,,,,,,,
712,,,,Howell ,Jones or Joanes,Howell Jones,James,,1623,mariner,,,,,,,,
713,LMA Microfilm,,C,Thomas,Joseph,Thomas Joseph,,1616-01-30,1617-06-20,,,,,,,,,
715,LMA Microfilm,,C,Thomas,Juett /Ivattt,Thomas Juett,Peppercorn,1612-02-21,1613-11-27,bosn's mate,,,alternate last name: Ivatt,,,,,
717,,,P,Robert,Jury,Robert Jury,London,,1627-01-01,,,,probate date: missing month, probate date: missing day,,,,
719,LMA Microfilm,,C,Jo,Keies,Jo Keies,Dragon,1616-08-12,1617-06-18,mariner,,,alternate last name: Keyes, alternate first name: John,,,,
725,,11/108/116,P,ffraunces,Kindes,ffraunces Kindes,Ascension,1605-11-01,1606-07-15,servant,,,alternate first name: Frances,,,,,
726,,11/148/142,P,John,King,John King,Charles,,1626-01-01,sailor,,,probate date: missing month, probate date: missing day,,,,
727,,,C,George,Kinge,George Kinge,,,1609-01-01,,,,probate date: missing month, probate date: missing day,,,,
730,,,P,Thomas,Kinge,Thomas Kinge,Charles,,1628-01-01,,,,probate date: missing month, probate date: missing day,Thomas Kinge,,,
731,,,P,Thomas,Kinge,Thomas Kinge,,1615-05-21,1617-06-17,,,,,Thomas Kinge,,,,
734,,,C,William,Knapman,William Knapman,Dragon,,1623-01-01,,,,probate date: missing month, probate date: missing day,,,,
736,,,P,Marmaducke,Knighte,Marmaducke Knighte,Hector,1613-07-17,1613-11-03,cooper,,,uncertain first name spelling,,,,,
739,,,C,Robert,Knowler,Robert Knowler,Royal James,,1621-01-01,,,,probate date: missing month, probate date: missing day,,,,
740,,,C,Martin,la Croix,Martin la Croix,Globe,1612-07-20,1616-04-10,,,,,,,,,
741,LMA Microfilm,9171/22/219,C,Thomas,Laine,Thomas Laine,Hector,1613-08-28,1613-11-09,,,,,,,,,
743,,,C,William,Lambert,William Lambert,Expedition,,1621-01-01,,,,probate date: missing month, probate date: missing day,,,,
745,,,P,Francis,Lane,Francis Lane,Royal James,,1622-01-01,,1,,probate date: missing month, probate date: missing day, widow: Joan Lane,,,
746,,,C,George,Lane,George Lane,Clove,,1622-01-01,,,,probate date: missing month, probate date: missing day,,,,
747,LMA Microfilm,,C,Jasper,Lane,Jasper Lane,,,1622-01-01,for EI,,,probate date: missing month, probate date: missing day,,,,
748,LMA Microfilm,,C,Joan,Lane,Joan Lane,Great James,,1625-01-01,,wife of Francis Lane,,probate date: missing month, probate date: missing day,,,,
752,,,P,Robert,Larke,Robert Larke,Jonas,,1626-01-01,,,,probate date: missing month, probate date: missing day,,,,
753,"Ancestry lists ""Sarman""",,C,Hugh,Larman,Hugh Larman,Ruby,,1625-01-01,,,,probate date: missing month, probate date: missing day,,,,
755,,,C,Anthony,Lawrence,Anthony Lawrence,,1614-07-19,1614-07-27,,,,,,,,,
757,,,P,William,Lawrence,William Lawrence,London,,1627-01-01,,,,probate date: missing month, probate date: missing day,,,,
758,,,C,Richard,Lawson,Richard Lawson,,1606-02-06,1606-07-17,,,,,,,,,
769,,,C,Martin,Le Croix,,Globe,,1616,gunner's mate,,,,,,,,
761,LMA Microfilm,9171/20/171,C,John,Lea,John Lea,,1604-02-28,1606-05-20,,,,,,,,,
762,,9052/4/xx,A,Robert,Lea,Robert Lea,Globe,1615-03-16,1615-09-12,,,,,,,,,
765,,,P,Thomas,Leake,Thomas Leake,Exchange,,1629-01-01,,,,probate date: missing month, probate date: missing day,,,,
766,,,C,Sam,Leane,Sam Leane,Anne,,1620-01-01,mariner,,,probate date: missing month, probate date: missing day,,,,
771,,,C,ffolke,Lee,ffolke Lee,Trades Increase,1612-02-25,1614-07-08,,,,unsure ship name,,,,,
772,,9171/21/353,C,Gilbert,Lee,Gilbert Lee,Union,1611-01-01,1611-07-22,mariner,,,,,,,,
773,,,C,David,Lees,David Lees,Dragon,1606-01-14,1614-07-13,,,,,,,,,
776,,,C,John,Lermont,John Lermont,Anne,,1619-01-01,,,,alternate last name: Lermonte, probate date: missing month, probate date: missing day,,,
777,,,C,Edward,Lewes,Edward Lewes,New Year's Gift,,1621-01-01,,,,probate date: missing month, probate date: missing day,,,,
778,,9171/22/204 (?),C,David,Lewis,David Lewis,Hector,1612-03-28,1613-10-18,,,,,,,,,
780,,,C,Chris,Lilbourne,Chris Lilbourne,Anne,,1619-01-01,,,,probate date: missing month, probate date: missing day,,,,
782,,,C,John,Limpany,John Limpany,,1617-10-26,1618-09-16,,,,uncertain first name,,,,,
785,,9171/20/184v,C,William,Loud,William Loud,Dragon,1604-01-17,1606-06-23,,,,,,,,,
786,,,C,Thomas,Love,Thomas Love,Peppercorn,,1614-01-01,,,,probate date: missing month, probate date: missing day,,,,
787,,,P,James,Lovell,James Lovell,,1613-07-10,1614-06-22,,,,,,,,,
789,,,C,George,Lowes,George Lowes,New Year's Gift,,1621-01-01,,,,probate date: missing month, probate date: missing day,,,,
790,,,C,William,Lucas,William Lucas,Trades Increase,1612-04-11,1614-07-02,,,,unsure ship name,,,,,
791,,,C,Williams,Lucas,Williams Lucas,Unicorn,,1620-01-01,,,,probate date: missing month, probate date: missing day, corrected ship name: Unicorne,,,
793,,11/108/60,P,Barnard,Luveridge,Barnard Luveridge,Ascension,,1606-07-07,,,,,,,,,
795,,,C,Nicholas,Lyle,Nicholas Lyle,Lion,,1623-01-01,,,,corrected ship name: Lyon, probate date: missing month, probate date: missing day,,,
796,LMA Microfilm,,C,Robert,Lynnegar,Robert Lynnegar,,1615-02-24,1615-09-20,,,,alternate last name: Linnegar,,,,,
797,,11/102/191v,P,Steven,Maddocke,Steven Maddocke,Dragon,1603-06-26,1603-10-25,,,,,,,,,
798,,11/108/89,P,Thomas,Magweare,Thomas Magweare,,1605-09-13,1606-07-08,,,,,,,,,
799,,,P,Edward,Maior,Edward Maior,London,,1628-01-01,,,,probate date: missing month, probate date: missing day,,,,
800,,,P,Richard,Makepeace,Richard Makepeace,Diamond,,1622-01-01,,,,probate date: missing month, probate date: missing day,,,,
802,,,C,William,Mallard,William Mallard,Anne,,1619-01-01,,,,,,,,,
804,,,C,William,Mansfeild,William Mansfeild,,1613-09-07,1613-11-24,,,,,,,,,
805,,,C,Ansel,Manson,Ansel Manson,,1608-03-07,1611-04-08,,,,,,,,,
806,,11/101/401,P,Davy,Marchant,Davy Marchant,Ascension,,1603-07-04,,,,,,,,,
807,,,C,Peter,Marchante,Peter Marchante,,1606-07-01,1606-07-21,,,,uncertain first name,,,,,
808,,,C,Edward,Markes,Edward Markes,Clove,1616-12-27,1617-07-14,,,,,,,,,
809,LMA Microfilm,,C,Robert,Markham,Robert Markham,Thomas,1613-08-10,1613-12-21,,,,,,,,,
810,,11/126/104,P,Edmonde,Marlowe,Edmonde Marlowe,James,1614-04-16,1615-09-22,,,,designation: Capt.,Edmonde Marlowe,,,,
811,,11/102/185v,P,John,Marmaduke,John Marmaduke,Dragon,,1603-10-31,,,,,,,,,
813,,,P,John,Marshall,John Marshall,,1599-04-07,1606-06-06,,,,will date: missing year,John Mascall,,,,
814,,,P,Thomas,Marshall,Thomas Marshall,Royal James,,1621-01-01,,,,probate date: missing month, probate date: missing day,,,,
815,,,C,William,Marshall,William Marshall,Royal James,,1621-01-01,,,,probate date: missing month, probate date: missing day,,,,
816,,,P,John,Marten,John Marten,Charles,,1626-01-01,,,,probate date: missing month, probate date: missing day,,,,
817,LMA Microfilm,,C,John,Marten,John Marten,,,1614-01-01,,,,probate date: missing month, probate date: missing day,,,,
818,,,P,Thomas,Martin,Thomas Martin,Charles,,1626-01-01,,,,probate date: missing month, probate date: missing day,,,,
819,,,P,Thomas,Martin,Thomas Martin,London,,1627-01-01,,,,probate date: missing month, probate date: missing day,,,,
820,,,P,John,Marychurch,John Marychurch,,1617-08-01,1618-09-10,,,,,,,,,
822,,9171/21/356,C,Anselline,Mason,Anselline Mason,Union,1609-04-26,1611-08-23,,,,"From oriignal file: \""(Manson",,,,,
823,,11/102/180v,P,Ottes,Mason,Ottes Mason,Hector,1603-05-19,1603-10-29,,,,,,,,,
824,,,P,Thomas,Massey,Thomas Massey,Swann,,1609-01-01,,,,,,,,,
825,,,C,Richard,Massie,Richard Massie,,1613-02-14,1614-06-20,,,,,,,,,
827,,11/117/399v,P,Nicholas,Mathewe,Nicholas Mathewe,Expedition,1610-12-03,1611-07-27,,,,,,,,,
828,,,C,Henrie,Mathewes,Henrie Mathewes,,1613-08-16,1614-07-04,,,,,,,,,
829,LMA Microfilm,,C,John,Matthews,John Matthews,Trades Increase,1613-04-04,1614-09-25,,,,,,,,,
830,,,P,John,Mattris,John Mattris,Blessing,,1625-01-01,,,,probate date: missing month, probate date: missing day,,,,
831,,,C,John,Maxwellm,John Maxwellm,Diamond,,1622-01-01,,,,probate date: missing month, probate date: missing day,,,,
832,,,P,John,May,John May,Bull,,1626-01-01,,,,probate date: missing month, probate date: missing day,,,,
833,,,P,Richard,Mayden,Richard Mayden,Charles,,1626-01-01,,,,probate date: missing month, probate date: missing day,,,,
834,,,C,Robert,Meade,Robert Meade,Diamond,,1622-01-01,,,,probate date: missing month, probate date: missing day,,,,
835,LMA Microfilm,,C,William,Medcalfe,William Medcalfe,Dragon,1616-08-07,1617-07-17,,,,alternate last name: Metcalf,,,,,
836,,,C,Nicholas,Medland,Nicholas Medland,,,1624-01-01,,,,probate date: missing month, probate date: missing day,,,,
838,LMA Microfilm,,C,Anthony,Meeres,Anthony Meeres,Trades Increase,1613-03-31,1614-08-30,,,,,,,,,
839,,,C,And,Melvn,And Melvn,Royal James,,1621-01-01,,,,probate date: missing month, probate date: missing day,,,,
840,,,P,William,Mendick,William Mendick,Diamond,1620-09-12,1624-10-19,,,,,,,,,
841,,,P,Richard,Mercer,Richard Mercer,,,1619-01-01,,,,probate date: missing month, probate date: missing day,,,,
845,,,P,Modecai,Michell,Modecai Michell,Clove,,1621-01-01,,,,probate date: missing month, probate date: missing day,,,,
846,LMA Microfilm,9171/20/182,C,Rychard,Michell,Rychard Michell,,1606-05-28,1606-06-20,,,,alternate first name: Richard,,,,,
848,,,P,Henry,Middleton,Henry Middleton,,1610-05-29,1614-06-22,,,,designation: kt.,,,,,
849,,,C,John,Middleton,John Middleton,,1615-08-03,1616-10-22,,,,,,,,,
850,,,C,William,Midgeley,William Midgeley,,1611-07-01,1611-08-19,,,,,,,,,
851,,,P,John,Miles,John Miles,Jonas,,1629-01-01,,,,probate date: missing month, probate date: missing day,,,,
852,,,C,Nicholas,Milles,Nicholas Milles,,,1614-05-13,,,,,,,,,
853,,9052/4/xx,A,Edward,Mills,Edward Mills,Dragon,,1617-06-14,,,,,,,,,
854,LMA Microfilm,,C,Mich,Milner,Mich Milner,Charles,,1623-01-01,,,,probate date: missing month, probate date: missing day,,,,
855,,,C,Henry,Mitchell,Henry Mitchell,New Year's Gift,,1621-01-01,,,,alternate last name: Michell, probate date: missing month, probate date: missing day,,,
856,LMA Microfilm,,C,Matthew,Molborrow,Matthew Molborrow,,,1625-01-01,,,,alternate last name: Molborrowe, probate date: missing month, probate date: missing day,,,
858,,9171/22/212v,C,John,Moore,John Moore,Hector,1613-08-27,1613-10-30,,,,,,,,,
859,,11/126/139,P,John,Moore,John Moore,James,1613-09-18,1615-09-16,,,,,,,,,
860,,,C,Marten,Moore,Marten Moore,Trades Increase,1613-08-11,1614-07-30,,,,,,,,,
861,,11/101/393,P,Nicholas,Moore,Nicholas Moore,Ascension,1603-02-17,1603-07-01,,,,,,,,,
864,,,P,William,Moore,William Moore,London,,1628-01-01,,,,probate date: missing month, probate date: missing day,,,,
866,,11/108/59v,P,Lancelete,More,Lancelete More,,1605-08-20,1606-07-20,,,,,,,,,
869,,,P,Hopkin,Morgan,Hopkin Morgan,Discovery,,1625-01-01,,,,probate date: missing month, probate date: missing day,,,,
870,,,C,Walter,Morgan,Walter Morgan,New Year's Gift,1615-10-28,1616-07-08,,,,,,,,,
871,,,C,William,Morgan,William Morgan,,1616-07-13,1616-07-17,,,,uncertain first name,,,,,
873,,,P,Robert,Moseley,Robert Moseley,Hart,,1626-01-01,,,,probate date: missing month, probate date: missing day,,,,
874,,,C,Francis,Moss,Francis Moss,Diamond,,1622-01-01,,,,alternate last name: Mosse,,,,,
875,,,P,William,Mosse,William Mosse,Hart,,1628-01-01,,,,probate date: missing month, probate date: missing day,,,,
877,,,C,John,Moyses,John Moyses,Trades Increase,,1614-07-29,,,,,,,,,
878,,,P,John,Mucknell,John Mucknell,,1613-08-22,1613-11-18,,,,,,,,,
879,,,C,John,Muffett,John Muffett,,,1614-07-19,,,,,,,,,
880,,,C,Tomas,Muge,Tomas Muge,Clove,1613-02-02,1615-01-07,,,,alternate last name: Mudge, unsure ship name,,,,
881,,9171/22/210,C,ffrancis,Napper,ffrancis Napper,Hector,1613-09-05,1613-10-25,,,,,,,,,
882,,11/102/193v,P,Henrye,Napper,Henrye Napper,Hector,1602-02-25,1603-10-17,,,,,,,,,
883,,9171/21/203v,C,Lawrence,Nashe,Lawrence Nashe,Dragon,,1609-12-04,,,,,,,,,
884,,,P,Valentine,Nashe,Valentine Nashe,Hector,1614-02-19,1617-06-16,,,,,,,,,
885,,,P,Nicholas,Nayler,Nicholas Nayler,Charles,,1626-01-01,,,,probate date: missing month, probate date: missing day,,,,
886,,,P,John,Naylor,John Naylor,Jonas,,1626-01-01,,,,probate date: missing month, probate date: missing day,,,,
887,,,C,John,Neale,John Neale,Anne,,1619-01-01,,,,probate date: missing month, probate date: missing day,,,,
888,,,P,John,Neale,John Neale,Hector,1612-12-08,1613-10-30,,,,,,,,,
889,,,P,William,Neale,William Neale,Dragon,1613-09-23,1614-06-28,,,,,,,,,
890,,,P,Samuell,Negus,Nicholas,,1615-05-17,1617-06-20,,,,,,,,,
891,,,P,George,Nelson,George Nelson,Mary,,1629-01-01,,,,probate date: missing month, probate date: missing day,,,,
892,,9171/22/210,C,Francis,Neper,Francis Neper,Hector,1613-09-05,,sailor,,,alternate last name: Naper, probate date: missing month, probate date: missing day,,,
893,,,P,Hugh,Netle,Hugh Netle,London,,1628-01-01,,,,probate date: missing month, probate date: missing day,,,,
895,,,P,Arthur,Newchurch,Arthur Newchurch,Dragon,1616-11-23,1617-06-17,,,,,,,,,
896,,,C,John,Newcombe,John Newcombe,,,1610-01-01,,,,probate date: missing month, probate date: missing day,,,,
898,,,P,John,Newport,John Newport,Jonas,,1626-01-01,,,,probate date: missing month, probate date: missing day,,,,
900,,,C,Christopher,Newton,Christopher Newton,,1608-03-07,1611-04-08,,,,,,,,,
904,,11/118/71,P,William,Nicholles,William Nicholles,Expedition,1610-03-26,1611-07-04,,,,,,,,,
905,,,P,Nicholas,Nicholls,Nicholas Nicholls,Solomon,,1619-01-01,,,,probate date: missing month, probate date: missing day,,,,
906,,,P,Edward,Nicholson,Edward Nicholson,Discovery,,1628-01-01,,,,probate date: missing month, probate date: missing day,,,,
907,,,C,Nicholas,Nickulls,Nicholas Nickulls,Diamond,,1623-01-01,,,,alternate last name: Nickulson,,,,,
908,,,C,John,Ninns,John Ninns,Trades Increase,1613-03-02,1614-07-28,,,,alternate last name: Ninus,,,,,
909,,,P,John,Noakes,John Noakes,Charles,1618-02-08,1618-09-23,,,,,,,,,
910,,,P,William,Nobbs,William Nobbs,Peppercorn,,1621-01-01,,,,probate date: missing month, probate date: missing day,,,,
911,,,P,Andrew,Noble,Andrew Noble,Discovery,,1625-01-01,,,,probate date: missing month, probate date: missing day,,,,
912,,,C,William,Noble,William Noble,Trades Increase,1613-05-26,1614-07-21,,,,,,,,,
913,,11/124/284,P,John,Noddicott,John Noddicott,Trades Increase,1613-03-21,1614-08-15,trumpeter,,,,,,,,
914,,,C,Edward,Norman,Edward Norman,Exchange,,1623-01-01,,,,probate date: missing month, probate date: missing day,,,,
917,,,C,Luke,Nott,Luke Nott,Trades Increase,,1614-07-16,,,,alternate last name: Knott,,,,,
918,,,P,Thomas,Nowell,Thomas Nowell,,1615-01-03,1617-09-16,,,,,,,,,
919,LMA Microfilm,,C,0,Oakley,0 Oakley,Hope,,1623-01-01,,,,alternate last name: Okeley, probate date: missing month, probate date: missing day,,,
920,,,P,Richard,Oathweete,Richard Oathweete,Globe,1616-12-07,1617-09-20,,,,,,,,,
922,,,P,Zachary,Olds,Zachary Olds,Royal James,,1622-01-01,,,,probate date: missing month, probate date: missing day,,,,
923,,,P,Richard,Oliver,Richard Oliver,Discovery,,1625-01-01,,,,probate date: missing month, probate date: missing day,,,,
924,,,C,Henry,Orange,Henry Orange,Royal James,,1622-01-01,,,,probate date: missing month, probate date: missing day,,,,
925,,,C,Thomas,Orkney,Thomas Orkney,Swann,,1620-01-01,,,,,,,,,
926,,,P,Cornelius,Ortson,Cornelius Ortson,Royal James,,1621-01-01,,,,probate date: missing month, probate date: missing day,,,,
927,,,P,Nicholas,Orwell,Nicholas Orwell,Hart,,1626-01-01,,,,probate date: missing month, probate date: missing day,,,,
929,,,C,William,Osborne,William Osborne,,1611-03-01,,,,,,,,,,
932,,,C,Jasper,Owles,Jasper Owles,Paulsgrave,,1623-01-01,,,,alternate last name: Wells, probate date: missing month, probate date: missing day,,,
933,,11/128/135,P,Thomas,Pagge,Thomas Pagge,New Year's Gift,1616-06-13,1616-07-22,sailor,,,,,,,,
934,,,P,William,Paine,William Paine,Royal James,,1621-01-01,,,,probate date: missing month, probate date: missing day,,,,
936,,9052/4/xx,A,Richard,Palmer,Richard Palmer,,1615-01-17,1617-06-13,,,,,,,,,
938,listed in index,? need to find,C,William,Palmer,William Palmer,Star,,1623-01-01,mariner,,,probate date: missing month, probate date: missing day,William Palmer,,,
939,,11/141/126,P,William ,Palmer,William Palmer ,Expedition,,1623-02-07,quartermaster,,,,,,,,
941,,,P,Tobias,Paris,Tobias Paris,Abigail,,1625-01-01,,,,probate date: missing month, probate date: missing day,,,,
942,,,C,Alex,Parker,Alex Parker,Charles,,1618-01-01,,,,probate date: missing month, probate date: missing day,,,,
947,,,,William,Parker,William Parker,,,,,,,,,,,,
950,,,C,Edward,Parkins,Edward Parkins,Anne,,1625-01-01,,,,Alternate last name: Perkins, Note: Son of Tho, probate date: missing month, probate date: missing day,,
951,,,P,John,Parnell,John Parnell,Royal James,,1622-01-01,,,,probate date: missing month, probate date: missing day,,,,
953,,9052/4/xx,A,John,Parsons,John Parsons,Dragon,1617-01-09,1617-06-23,,,,uncertain first name,,,,,
955,,,C,Thomas,Pattinson,Thomas Pattinson,Dragon,,1614-07-03,,,,alternate last name: Pattison,,,,,
956,,,P,Thomas,Paule,Thomas Paule,London,,1628-01-01,,,,probate date: missing month, probate date: missing day,,,,
957,,,C,William,Paulinge,William Paulinge,Clove,1614-09-16,1615-07-20,,,,alternate last name: Paulin, unsure ship name,,,,
958,,,C,Edward,Paull,Edward Paull,,1617-11-13,1618-09-18,,,,,,,,,
959,,,C,John,Paull,John Paull,,1616-08-12,1616-08-26,,,,uncertain first name, property named: The Ship,,,,
960,,,P,Andrew,Paullmer,Andrew Paullmer,Clove,1613-11-01,1614-12-06,,,,,,,,,
961,,,P,William,Pawling,William Pawling,Charles,,1626-01-01,,,,probate date: missing month, probate date: missing day,,,,
962,,11/107/343,P,John ,Pawll,John  Pawll,Hector,1604-03-30,1606-06-24,,,,alternate last name: Paull, earlier will: 12.03.04,,,,
963,,,P,Roger,Payne,Roger Payne,Merchant's Hope,1616-11-13,1618-09-24,,,,,,,,,
964,,11/102/349v,P,William,Payne,William Payne,Hector,1602-06-03,1603-11-02,,,,,,,,,
965,,,C,John,Peache,John Peache,Discovery,,,,,,,,,,,
966,,,C,Edward,Pearce,Edward Pearce,Anne,,1619-01-01,,,,alternate last name: Peirce, probate date: missing month, probate date: missing day,,,
967,,,C,Thomas,Pearce,Thomas Pearce,Darling,1610-03-19,1614-06-29,,,,,,,,,
968,,,C,William,Pearse,William Pearse,Expedition,1615-06-17,1615-08-28,,,,, corrected ship name: Bonadventure,,,,
969,,,P,William,Peerce,William Peerce,Exchange,,1624-01-01,,,,probate date: missing month, probate date: missing day,,,,
970,,,P,John,Peerson,John Peerson,,1617-10-25,1618-09-08,,,,uncertain first name,,,,,
971,,,C,Lynnell,Peirce,Lynnell Peirce,,1614-08-11,1614-08-19,,,,,,,,,
972,,,C,Thomas,Peirce,Thomas Peirce,Paulsgrave,,1623-01-01,,,,probate date: missing month, probate date: missing day,,,,
973,LMA Microfilm,,C,William,Peirce,William Peirce,Discovery,,1625-01-01,bosn's mate,,,probate date: missing month, probate date: missing day,,,,
974,,,C,William,Peirce,William Peirce,Royal James,,1621-01-01,,,,probate date: missing month, probate date: missing day,,,,
975,LMA Microfilm,,C,John,Peirson,John Peirson,Moon,,1623-01-01,,,,probate date: missing month, probate date: missing day,,,,
978,,,P,Frauncis,Pendren,Frauncis Pendren,Jonas,,1626-01-01,,,,probate date: missing month, probate date: missing day,,,,
981,,,P,Henry,Perkins,Henry Perkins,Hope,1618-01-01,1618-09-15,,,,,,,,,
982,,,P,Robert,Persie,Robert Persie,Dragon,,1614-06-24,,,,alternate last name: Percy,,,,,
983,,,P,Joseph,Pett,Joseph Pett,,1605-11-14,1606-06-26,,,,,,,,,
987,,11/126/130,P,Richard,Pettye,Richard Pettye,Concord,1614-11-07,1615-09-18,,,,unsure ship name,,,,,
990,,,P,Richard,Philips,Richard Philips,Charles,,1626-01-01,,,,probate date: missing month, probate date: missing day,,,,
991,,,C,John,Phillips,John Phillips,New Year's Gift,1615-10-29,1616-07-08,,,,alias: Harvest, additional ship: Solomon,,,,
993,,,P,Robert,Phillips,Robert Phillips,Dragon,1616-08-01,1617-11-17,,,,,,,,,
994,,,C,Thomas,Phillips,Thomas Phillips,Diamond,,1622-01-01,,,,probate date: missing month, probate date: missing day,,,,
996,,,C,William,Pickis,William Pickis,Anne,,1619-01-01,,,,probate date: missing month, probate date: missing day,,,,
997,,,P,Richard,Pike,Richard Pike,Trades Increase,1612-06-26,1614-08-05,,,,,,,,,
998,,,C,Richard,Pilgram,Richard Pilgram,Royal James,,1621-01-01,,,,probate date: missing month, probate date: missing day,,,,
1000,,11/102/187,P,Thomas,Pinchebacke,Thomas Pinchebacke,Hector,1601-03-04,1603-10-11,,,,,,,,,
1001,,9171/20/194v,C,Leonard,Pinchebate,Leonard Pinchebate,Dragon,1605-11-27,1606-07-18,,,,alternate last name: Pinchbate,,,,,
1002,,,P,Patrick,Plnderleethe,Patrick Plnderleethe,Royal James,,1621-01-01,,,,probate date: missing month, probate date: missing day,,,,
1003,,,C,John,Plum,John Plum,Defence,1616-08-01,1617-07-04,,,,corrected ship name: Defense,,,,,
1004,,9171/21/213v,C,John,Pocom,John Pocom,Dragon,1607-03-04,1610-01-12,,,,,,,,,
1006,,11/124/137,P,John,Pooley,John Pooley,Trades Increase,1613-03-26,1614-08-25,sailor,,,uncertain first name,,,,,
1008,,11/128/162,P,Thomas,Pope,Thomas Pope,New Year's Gift,1615-10-16,1616-08-01,cooper's mate,,,,,,,,
1010,,,C,William,Porter,William Porter,Moon,,1621-01-01,,,,probate date: missing month, probate date: missing day,,,,
1011,,,P,Richard ,Portman,Richard  Portman,,1612-01-24,1614-07-20,,,,alias, Poolehowse,,,,
1012,,9052/4/xx,A,Robert,Portman,Robert Portman,,1613-10-18,1614-08-02,,,,,,,,,
1013,,11/102/290v,P,ffrauncis,Portmort,ffrauncis Portmort,Dragon,1602-08-16,1603-11-01,,,,,,,,,
1015,,,C,John,Potter,John Potter,,1614-02-21,1617-10-10,,,,,,,,,
1019,,,C,James,Powell,James Powell,Trades Increase,1613-05-17,1614-08-30,,,,,,,,,
1020,,,P,William,Powell,William Powell,Discovery,,1625-01-01,,,,probate date: missing month, probate date: missing day,,,,
1021,,,C,William,Powell,William Powell,Swann,,1620-01-01,,,,,,,,,
1022,,,C,George,Power,George Power,James,1618-08-07,1620-02-15,,,,,,,,,
1023,,,P,James,Poynter,James Poynter,Hope,1617-09-30,1618-09-17,,,,,,,,,
1024,,,C,John,Pratt,John Pratt,Peppercorn,1614-01-11,1617-09-11,,,,,,,,,
1026,,,P,William,Preston,William Preston,Charles,,1627-01-01,,,,probate date: missing month, probate date: missing day,,,,
1029,,,C,Stephen,Prior,Stephen Prior,James,1617-10-11,1618-09-16,,,,,,,,,
1030,,,C,Nicholas,Procter,Nicholas Procter,,1614-04-20,1617-07-16,,,,,,,,,
1032,,,P,Stephen,Prust,Stephen Prust,Discovery,,1625-01-01,,,,probate date: missing month, probate date: missing day,,,,
1033,,,P,Richard,Puckell,Richard Puckell,Diamond,,,,,,,,,,,
1034,,,P,George,Pybourne,George Pybourne,,1617-07-03,1618-09-11,servant to EIC,,,,,,,,
1035,,,P,Christopher,Pyne,Christopher Pyne,Hart,,1622-01-01,,,,probate date: missing month, probate date: missing day,,,,
1036,,,C,Robert,Pynne,Robert Pynne,Trades Increase,1612-02-20,1614-07-14,,,,unsure ship name,,,,,
1037,,,P,John,Radman,John Radman,William,1623-02-21,1624-10-06,,,,,,,,,
1039,,11/102/194v,P,Nicholas,Ragwoode,Nicholas Ragwoode,Dragon,1603-09-28,1603-10-17,,,,,,,,,
1041,,,C,Henrie,Rand,Henrie Rand,Darling,1611-03-12,1614-10-18,,,,,,,,,
1043,,,C,John,Ratcliffe,John Ratcliffe,Anne,,1619-01-01,,,,probate date: missing month, probate date: missing day,,,,
1044,,,P,Richard,Rathbone,Richard Rathbone,Bull,,1626-01-01,,,,probate date: missing month, probate date: missing day,,,,
1046,,,P,John,Rawle,John Rawle,,1615-01-17,1617-09-13,,,,uncertain first name,,,,,
1048,,,C,ffrauncis,Rawlingson,ffrauncis Rawlingson,James,,1615-09-22,,,,alternate last name: Rawlinson,,,,,
1049,,,P,Edward,Read,Edward Read,Charles,,1626-01-01,,,,probate date: missing month, probate date: missing day,,,,
1051,,,P,Marke,Reade,Marke Reade,Hector,1615-06-27,1617-09-24,,,,,,,,,
1055,,,P,William,Redwood,William Redwood,Abigail,,1625-01-01,,,,probate date: missing month, probate date: missing day,,,,
1056,,,C,William,Remington,William Remington,Hector,1616-01-08,1617-06-21,,,,,,,,,
1058,,,C,Henrie,Reseth,Henrie Reseth,James,1612-12-14,1615-09-13,,,,,,,,,
1060,,,C,Henry,Rickaman,Henry Rickaman,Charles,,1622-01-01,,,,probate date: missing month, probate date: missing day,,,,
1061,,,C,William,Rickman,William Rickman,New Year's Gift,1616-05-26,1616-07-15,,,,,,,,,
1062,,9171/21/208,C,Robert,Rider,Robert Rider,Consent,1607-02-20,1609-12-13,,,,,,,,,
1063,,,C,Peter,Rigby,Peter Rigby,New Year's Gift,,1623-01-01,,,,probate date: missing month, probate date: missing day,,,,
1064,,9171/20/179,C,Evan,Riggby,Evan Riggby,Dragon,1604-11-26,1606-06-13,,,,,,,,,
1065,,,P,Rowland,Riles,Rowland Riles,Hector,1602-07-07,1603-10-07,,,,,,,,,
1066,,,P,Rowland,Rilles,Rowland Rilles,Hector,1602-07-07,1603-10-07,,,,corrected ship name: Oleander,,,,,
1067,,,P,Edward,Roades,Edward Roades,,1613-09-11,1614-06-22,,,,alternate last name: Rodes,,,,,
1069,,11/128/192,P,Thomas,Robbinson,Thomas Robbinson,New Year's Gift,1616-06-20,1616-08-13,sailor,,,,,,,,
1070,,,P,Robert,Robinson,Robert Robinson,Trades Increase,,1614-06-29,,,,,,,,,
1071,,PROB 11/139/649,P,Thomas,Robinson,Thomas Robinson,,,1622-09-02,cook,,,,,,,,
1072,,,C,William,Robinson,William Robinson,Moon,,1623-01-01,,,,probate date: missing month, probate date: missing day,,,,
1073,,11/102/181v,P,James,Robson,James Robson,Dragon,1603-02-25,1603-10-31,,,,,,,,,
1074,,,C,Mathew,Robson,Mathew Robson,Hector,1611-03-25,1613-11-20,,,,,,,,,
1075,,,C,Michaell,Rochester,Michaell Rochester,Susan,1617-01-16,1617-09-13,,,,,,,,,
1076,,,P,Walter,Rockwell,Walter Rockwell,Lion,,1623-01-01,,,,corrected ship name: Lyon, probate date: missing month, probate date: missing day,,,
1077,,,P,Henry,Rodden,Henry Rodden,,,1613-11-17,,,,shared record with: Field,,,,,
1079,,,C,John,Rogers,John Rogers,,,1608-01-01,,,,probate date: missing month, probate date: missing day,,,,
1081,,,P,William,Rogers,William Rogers,Thomas,1613-05-07,1613-11-22,,,,,,,,,
1082,LMA Microfilm,,C,William,Rolph,William Rolph,New Year's Gift,,1621-01-01,,,,probate date: missing month, probate date: missing day,,,,
1084,,,C,Martin,Rosse,Martin Rosse,Jonas,,1623-01-01,,,,probate date: missing month, probate date: missing day,,,,
1087,,,P,Richard,Rowe,Richard Rowe,Thomas,1617-04-11,1618-09-14,,,,,,,,,
1088,,,C,And,Rugg,And Rugg,Elizabeth,,1621-01-01,,,,probate date: missing month, probate date: missing day,,,,
1089,,,P,Richard,Rumsey,Richard Rumsey,Clove,,1617-01-01,,,,probate date: missing month, probate date: missing day,,,,
1090,,,P,John,Russell,John Russell,Hector,1613-09-06,1613-11-02,,,,,,,,,
1091,,,C,Richard,Russell,Richard Russell,Hector,1615-06-16,1617-06-19,,,,,,,,,
1093,,9171/20/195v,C,Robert,Ryse,Robert Ryse,,1605-01-13,1606-07-20,,,,,,,,,
1095,,,P,John,Saggs,John Saggs,Lion,,1620-01-01,,,,probate date: missing month, probate date: missing day,,,,
1096,,9052/4/xx,A,John,Salsbery,John Salsbery,,1613-07-21,1615-05-04,,,,alternate last name: Salisbury,,,,,
1097,,11/102/218,P,Ralphe,Salter,Ralphe Salter,Dragon,1602-02-02,1603-10-21,,,,,,,,,
1098,,,C,Samuell,Saltonstall,Samuell Saltonstall,,1616-07-15,1618-02-20,,,,,,,,,
1100,LMA Microfilm,,C,Anthony,Samford,Anthony Samford,Jonas,,1623-01-01,,,,probate date: missing month, probate date: missing day,,,,
1101,,,C,Robert,Sander,Robert Sander,,,1618-09-21,,,,alternate last name: Saunders,,,,,
1102,,,A,Richard,Sanders,Richard Sanders,,1613-04-01,1615-07-24,,,,uncertain first name,,,,,
1103,,,C,Simon,Sanders,Simon Sanders,Diamond,,1623-01-01,,,,probate date: missing month, probate date: missing day,,,,
1104,,,P,Joseph,Sandes,Joseph Sandes,London,,1627-01-01,,,,probate date: missing month, probate date: missing day,,,,
1106,,9052/4/xx,A,John ,Saunders,John  Saunders,Darling,1614-04-26,1616-08-01,,,,alternate last name: Sanders,,,,,
1107,,,C,Richard,Saunders,Richard Saunders,Thomas,,1620-01-01,,,,probate date: missing month, probate date: missing day,,,,
1109,,,C,John,Sayer,John Sayer,,,1612-01-01,,,,alternate last name: Sayers, alternate last name: Sayre, alternate last name: Saier, date of probate corrected: ().().12/13, probate date: missing month, probate date: missing day
1110,,,P,Richard,Sayers,Richard Sayers,Globe,1617-01-01,1617-09-13,,,,,,,,,
1111,,,C,Pasquell,Scoble,Pasquell Scoble,Trades Increase,,1614-01-01,,,,alternate last name: Squoble, alternate last name: Squobell, probate date: missing month, probate date: missing day,,
1112,LMA Microfilm,,C,Jas,Scott,Jas Scott,Paulsgrave,,1623-01-01,,,,probate date: missing month, probate date: missing day,,,,
1114,,,C,John,Seaman,John Seaman,,1616-08-04,1618-09-21,,,,,,,,,
1115,,9171/20/224,C,John,Searche,John Searche,,,1606-11-15,,,,,,,,,
1116,,,P,Philip,Searle,Philip Searle,,,1619-01-01,,,,probate date: missing month, probate date: missing day,,,,1
1117,,,P,John,Seawrd,John Seawrd,New Year's Gift,,1621-01-01,,,,probate date: missing month, probate date: missing day,,,,
1119,,,C,John,Sellers,John Sellers,Jonas,,1623-01-01,,,,probate date: missing month, probate date: missing day,,,,
1120,,,C,Richard,Semper,Richard Semper,,1615-04-20,1615-09-20,,,,,,,,,
1121,,,P,Thomas,Sendall,Thomas Sendall,Hector,,1613-11-05,,,,,,,,,
1122,,,C,Thomas,Seriant,Thomas Seriant,Dragon,,1620-01-01,,,,alternate last name: Sergeant, probate date: missing month, probate date: missing day,,,
1123,,,C,Martin,Shankes,Martin Shankes,Anne,,1625-01-01,,,,alternate last name: Shanckes, probate date: missing month, probate date: missing day,,,
1125,,,C,Roger,Shelton,Roger Shelton,Solomon,,1618-01-01,,,,probate date: missing month, probate date: missing day,,,,
1128,,,C,John,Sheppard,John Sheppard,Hosiander,1616-06-27,1618-10-06,,,,,,,,,
1129,,,P,Orchard,Sheppard,Orchard Sheppard,London,,1627-01-01,,,,probate date: missing month, probate date: missing day,,,,
1130,,11/22/397,P,William,Sherman,William Sherman,Hector,,1613-11-03,serv. to capt.,,,,,,,,
1131,,,C,Isaac,Sherringham,Isaac Sherringham,Clove,,1620-01-01,,,,probate date: missing month, probate date: missing day,,,,
1132,,11/126/131,P,Robert,Sherwood,Robert Sherwood,James,1613-07-19,1615-09-18,,,,will date: flipped day/month?,,,,,
1133,,11/108/42v,P,John,Shewell,John Shewell,,,1606-07-08,,,,,,,,,
1134,,,P,Andrew,Shilling,Andrew Shilling,London,,1622-01-01,,,,probate date: missing month, probate date: missing day,,,,
1135,,11/124/25,P,Nicholas,Shoemaker,Nicholas Shoemaker,Trades Increase,1613-03-08,1614-07-04,sailor,,,,,,,,
1136,,,P,Randall,Shotbolte,Randall Shotbolte,,1608-08-25,1613-11-11,,,,,,,,,
1137,,11/124/214,P,William,Shrandes,William Shrandes,Trades Increase,1612-01-03,1614-07-21,sailor,,,,,,,,
1139,,,C,Robert,Simons,Robert Simons,Dragon,1614-01-20,1614-06-22,,,,alternate last name: Simmonds,,,,,
1140,,11/107/387V,P,Anthonie,Simpkins,Anthonie Simpkins,,1604-03-05,1606-06-11,,,,alternate first name: Anthony,,,,,
1141,,9171/20/179v,C,David,Simpson,David Simpson,Susan,1603-05-24,1606-06-16,,,,,,,,,
1142,LMA Microfilm,,C,Jas,Simpson,Jas Simpson,Globe,,1621-01-01,gunner,,,probate date: missing month, probate date: missing day,,,,1
1143,,,P,Jeffrey,Simpson,Jeffrey Simpson,Diamond,,1625-01-01,,,,probate date: missing month, probate date: missing day,,,,
1144,,,C,John,Singleton,John Singleton,Eagle,,1622-01-01,,,,alternate last name: Singellton, probate date: missing month, probate date: missing day,,,
1145,,,P,Thomas,Singleton,Thomas Singleton,Clove,,1622-01-01,,,,probate date: missing month, probate date: missing day,,,,
1146,,,P,Jacob,Skinner,Jacob Skinner,Hart,,1626-01-01,,,,probate date: missing month, probate date: missing day,,,,
1147,,,C,Thomas,Skinner,Thomas Skinner,,1612-11-23,,,,,,,,,,
1148,,11/147/139,P,Thomas,Slade,Thomas Slade,Discovery,,1625-10-20,sailor,,,probate date: missing month, probate date: missing day,,,,
1149,,,C,ffrancis,Slany,ffrancis Slany,,1604-03-21,1614-09-19,,,,,,,,,
1150,LMA Microfilm,,C,William,Slanye,William Slanye,New Year's Gift,,1616-01-01,,,,probate date: missing month, probate date: missing day,,,,
1152,,,C,Henry,Slapp,Henry Slapp,Peppercorn,1613-08-25,1613-12-07,,,,,,,,,
1154,,,P,John,Sloper,John Sloper,London,,1627-01-01,,,,probate date: missing month, probate date: missing day,,,,
1156,,,C,William,Smarte,William Smarte,,1613-03-09,1614-12-16,,,,,,,,,
1159,,,P,Henry,Smith,Henry Smith,Dragon,1616-06-23,1617-06-18,,,,,,,,,
1160,,,C,John,Smith,John Smith,Dragon,1612-01-11,1614-06-25,,,,,,,,,
1161,LMA Microfilm,,C,John,Smith,John Smith,New Year's Gift,,1622-01-01,,,,probate date: missing month, probate date: missing day,,,,
1162,,,C,John,Smith,John Smith,,1616-08-17,1617-06-30,,,,,,,,,
1163,,,P,Richard,Smith,Richard Smith,Bull,,1628-01-01,,,,probate date: missing month, probate date: missing day,,,,
1164,,,C,Robert,Smith,Robert Smith,Unicorn,,1621-01-01,,,,probate date: missing month, probate date: missing day, corrected ship name: Unicorne,,,
1165,,,C,Thomas,Smith,Thomas Smith,Globe,1612-06-20,1615-09-11,,,,,,,,,
1166,,,C,Thomas,Smith,Thomas Smith,,1616-01-28,1617-10-01,,,,,,,,,
1168,,,P,Thomas,Smithe,Thomas Smithe,Exchange,,1624-01-01,,,,probate date: missing month, probate date: missing day,,,,
1169,,,C,Roger,Smyth,Roger Smyth,New Year's Gift,1616-06-11,1616-07-11,,,,,,,,,
1170,,11/126/105,P,George,Smythe,George Smythe,Star,1615-07-02,1615-09-21,,,,corrected ship name: Starr, probate date: missing month, probate date: missing day,,,
1171,,,P,John,Smythe,John Smythe,Solomon,1615-08-03,1618-09-12,,,,,,,,,
1172,,,C,Henry,Snooke,Henry Snooke,,,1623-01-01,,,,probate date: missing month, probate date: missing day,,,,
1173,,,C,Thomas,Soeck,Thomas Soeck,Royal James,,1620-01-01,,,,alternate last name: Soecke, probate date: missing month, probate date: missing day,,,
1175,,9171/21/299,C,James,Sonderland,James Sonderland,Hector,1609-07-08,1610-10-31,,,,,,,,,
1176,,,P,Thomas,Soring,Thomas Soring,Royal James,,1622-01-01,,,,probate date: missing month, probate date: missing day,,,,
1178,,,P,John,Sparkes,John Sparkes,,1618-08-29,1618-09-19,,,,,,,,,
1179,,,P,Gabriell,Spencer,Gabriell Spencer,Darling,1612-11-22,1614-08-05,,,,,,,,,
1182,,,C,Henry,Springall,Henry Springall,Charles,1617-11-19,1618-09-17,,,,,,,,,
1183,,,P,Edward,Springe,Edward Springe,,1613-08-26,1613-12-24,,,,earlier will: 24.02.10,,,,,
1185,,,C,John,Spur,John Spur,Dragon,1613-02-08,1614-06-24,,,,additional ship: Trades Increase,,,,,
1186,,,C,Pasquell,Squoble,Pasquell Squoble,Trades Increase,1613-02-14,1614-12-09,,,,,,,,,
1188,,,P,Robert,Standbery,Robert Standbery,Charles,,1626-01-01,,,,probate date: missing month, probate date: missing day,,,,
1189,,,P,Augustin,Standen,Augustin Standen,Blessing,,1625-01-01,,,,probate date: missing month, probate date: missing day,,,,
1190,,9171/20/178v,C,Roberte,Stanford,Roberte Stanford,Dragon,1605-09-05,1606-06-13,,,,,,,,,
1191,,,P,Robert,Stanton,Robert Stanton,Hart,,1628-01-01,,,,probate date: missing month, probate date: missing day,,,,
1192,,,C,Thomas,Staples,Thomas Staples,Royal James,,1621-01-01,,,,probate date: missing month, probate date: missing day,,,,
1194,,9052/4/xx,A,Edmund,Starkey,Edmund Starkey,New Year's Gift,1613-11-21,1615-11-04,,,,,,,,,
1195,,,P,Thomas,Start,Thomas Start,Peppercorn,1615-01-23,1617-09-29,,,,,,,,,
1199,,,P,William,Steesly,William Steesly,Abigail,,1626-01-01,,,,probate date: missing month, probate date: missing day,,,,
1201,,,C,Thomas,Steevens,Thomas Steevens,Trades Increase,1613-06-01,1614-07-02,,,,,,,,,
1203,,9052/4/xx,A,David,Stevens,David Stevens,,1614-06-24,1614-07-02,,,,,,,,,
1204,,9171/21/266,C,Edward,Stevens,Edward Stevens,Hector,1609-01-10,1610-06-28,,,,,,,,,
1207,,,C,Roger,Stones,Roger Stones,Thomas,1613-07-20,1614-01-06,,,,unsure ship name, earlier probate: 30.11.13(sic),,,,
1208,,,P,William,Store,William Store,Charles,,1629-01-01,,,,probate date: missing month, probate date: missing day,,,,
1210,,,P,John,Stoughton,John Stoughton,Darling,1612-11-26,1614-08-03,,,,,,,,,
1211,,,P,Thomas,Stowers,Thomas Stowers,Charles,,1626-01-01,,,,probate date: missing month, probate date: missing day,,,,
1212,,9171/21/256,C,Andrew,Stragwhan,Andrew Stragwhan,Hector,1609-01-24,1610-06-06,,,,alternate last name: Strachan,,,,,
1213,,,C,John,Stronge,John Stronge,,1613-10-07,1614-07-28,,,,,,,,,
1214,,,C,William,Styles,William Styles,New Year's Gift,,1618-01-01,,,,probate date: missing month, probate date: missing day,,,,
1215,,,P,Thomas,Suddabie,Thomas Suddabie,Blessing,,1625-01-01,,,,probate date: missing month, probate date: missing day,,,,
1216,,11/130/285,P,Thomas,Sudgewicke,Thomas Sudgewicke,Peppercorn,1617-09-10,1617-09-13,,,,alternate last name: Sedgewick,,,,,
1217,,11/102/227,P,Henrie,Sumpter,Henrie Sumpter,Dragon,1603-09-14,1603-10-21,,,,,,,,,
1218,,11/107/348v,P,Richard,Surflete,Richard Surflete,,1604-03-01,1606-06-16,,,,alternate last name: Surfleete,,,,,
1219,,,C,Edward,Swabie,Edward Swabie,Hector,1614-02-15,1617-06-16,,,,,,,,,
1220,,,C,William,Swabie,William Swabie,Elizabeth,,1623-01-01,,,,probate date: missing month, probate date: missing day,,,,
1222,,,C,William,Swanley,William Swanley,Unicorn,,1618-10-05,,,,,,,,,
1223,,,C,John,Swanne,John Swanne,Trades Increase,1613-04-23,1614-07-08,,,,,,,,,
1225,,11/126/142,P,Roger,Swetman,Roger Swetman,Globe,1611-01-04,1615-09-07,,,,,,,,,
1226,,,C,Jas,Swingleherst,Jas Swingleherst,Merchant's Hope,,1624-01-01,,,,corrected ship name: Marchant Hope, probate date: missing month, probate date: missing day,,,
1227,LMA Microfilm,,C,Alex,Swyne,Alex Swyne,Sun,,1621-01-01,,,,probate date: missing month, probate date: missing day, corrected ship name: Sunne,,,
1228,,,C,John,Symes,John Symes,Hector,1612-04-13,1614-05-09,,,,alternate last name: Simms,,,,,
1229,,9171/22/220v,C,John,Symonds,John Symonds,Hector,1613-08-26,1613-11-13,,,,,,,,,
1230,,,C,Nathaniell,Symons,Nathaniell Symons,Trades Increase,1613-09-15,1614-07-24,,,,alternate last name: Simmonds,,,,,
1233,,,C,Robert,Tailor,Robert Tailor,Dragon,1616-03-18,1617-07-14,,,,,,,,,
1234,,11/107/338,P,Henry,Tanner,Henry Tanner,,1605-01-13,1606-06-16,,,,,,,,,
1235,,,C,John,Tayler,John Tayler,Clove,1616-12-02,1617-07-01,,,,,,,,,
1237,,,C,John,Taylor,John Taylor,Exchange,,1623-01-01,,,,probate date: missing month, probate date: missing day,,,,
1238,LMA Microfilm,,C,John,Taylor,John Taylor,Trades Increase,,1614-01-01,,,,probate date: missing month, probate date: missing day,,,,
1239,,,C,Roger,Taylor,Roger Taylor,,1615-03-19,1615-11-24,,,,,,,,,
1241,,,C,Walter,Teage,Walter Teage,Swann,,1622-01-01,,,,alternate last name: Teague,,,,,
1244,,,P,George,Thomas,George Thomas,,1611-04-03,1613-10-19,,,,,,,,,
1246,,,P,Philippe,Thomas,Philippe Thomas,London,,1627-01-01,,,,probate date: missing month, probate date: missing day,,,,
1247,,,P,Rowland,Thomas,Rowland Thomas,Hosiander,,1619-01-01,,,,probate date: missing month, probate date: missing day,,,,
1248,,9171/22/201,C,George,Thompson,George Thompson,Hector,1613-07-08,1613-10-09,,,,,,,,,
1249,,,P,Thomas,Thompson,Thomas Thompson,,1618-01-09,1618-09-23,,,,,,,,,
1250,,,P,Jeffrey,Thorne,Jeffrey Thorne,Dragon,1612-01-21,1614-07-27,,,,,,,,,
1251,,,P,Thomas,Thorneburrought,Thomas Thorneburrought,London,,1627-01-01,,,,probate date: missing month, probate date: missing day,,,,
1252,,,C,Thomas,Thorneton,Thomas Thorneton,,,1623-01-01,,,,probate date: missing month, probate date: missing day,,,,
1254,,11/154/562,P,John,Thornton,John Thornton,Paulsgrave,,1628-12-11,smith's mate,,,,,,,,
1256,,,P,Christopher,Tiffinge,Christopher Tiffinge,Hart,,,,,,unsure ship name,,,,,
1257,,11/124/238,P,John,Tillman,John Tillman,Trades Increase,1613-05-22,1614-07-27,sailor,,,,,,,,
1258,,,C,Jas,Timm,Jas Timm,Charles,,1618-01-01,,,,alternate last name: Tym,,,,,
1259,,,P,Henry,Tincker,Henry Tincker,Bear,,1624-01-01,,,,probate date: missing month, probate date: missing day,,,,
1262,,,P,Thomas,Todd,Thomas Todd,Anne,,1619-01-01,,,,probate date: missing month, probate date: missing day,,,,
1263,,,P,William,Tolkine,William Tolkine,Anne,,1619-01-01,,,,probate date: missing month, probate date: missing day,,,,
1264,LMA Microfilm,,C,John,Tompson,John Tompson,New Year's Gift,,1616-01-01,,,,probate date: missing month, probate date: missing day,,,,
1265,,11/123/21,P,John    ,Toocker,John Toocker,,,1614-01-13,merchant to EIC,,,,,,,,
1267,LMA Microfilm,,C,Henry,Toston,Henry Toston,Clove,,1623-01-01,,,,probate date: missing month, probate date: missing day,,,,
1268,,,C,Gabriel,Tottom,Gabriel Tottom,Elizabeth,,1622-01-01,,,,alternate last name: Tatton, probate date: missing month, probate date: missing day,,,
1269,,,C,Johan,Toucker/ Tourber,John Toucker junior,Trades Increase,,1614-06-21,mariner,,,alternate last name: Tucker,,,,,
1270,,,C,Richard,Toucker/Turber,Richard Toucker,Trades Increase,1613-04-02,1614-07-23,,,,brother to John jr on same ship,,,,,
1271,,,P,John,Traughton,John Traughton,Bull,,1627-01-01,,,,alternate last name: Troughton, probate date: missing month, probate date: missing day,,,
1272,,,P,Richard,Traviliere,Richard Traviliere,Charles,,1618-01-01,,,,probate date: missing month, probate date: missing day,,,,
1273,,,C,Richard,Treuer,Richard Treuer,Trades Increase,1613-04-10,1614-06-01,,,,probate date: missing day,,,,,
1274,LMA Microfilm,,C,Richard,Trevor,Richard Trevor,Trades Increase,,1614-01-01,,,,alternate last name: Trever, probate date: missing month, probate date: missing day,,,
1275,,11/117/11v,P,George,Triplett,George Triplett,,1609-04-06,1611-07-27,,,,,,,,,
1279,,,C,Simon,Tucker,Simon Tucker,Royal James,,1621-01-01,,,,probate date: missing month, probate date: missing day, corrected ship name: Royal James,,,
1280,,,P,George,Tuckwell,George Tuckwell,Bull,,1619-01-01,,,,probate date: missing month, probate date: missing day,,,,
1281,,11/108/86,P,Thomas,Tudd,Thomas Tudd,,1604-04-12,1606-07-15,,,,,,,,,
1282,,,C,John,Turber ,John Turber,,,1614-07-23,,,,,,,,,
1283,,,P,Robert,Turberville,Robert Turberville,Elizabeth,,1624-01-01,,,,probate date: missing month, probate date: missing day,,,,
1284,,9171/20/183,C,Barnard,Turnard,Barnard Turnard,Ascension,1603-05-30,1606-06-20,,,,additional ship: Dragon,,,,,
1285,,11/128/100,P,Christopher,Turpin,Christopher Turpin,New Year's Gift,1615-10-14,1616-07-11,caulker,,,,,,,,
1286,,,C,Anthonie,Tuttie,Anthonie Tuttie,Dragon,1616-02-10,1617-06-13,,,,unsure ship name,,,,,
1288,,,P,Robert,Twimbloe,Robert Twimbloe,Charles,,1618-01-01,,,,probate date: missing month, probate date: missing day,,,,
1289,,9171/22/225,C,John,Tye,John Tye,Hector,1612-02-14,1613-11-20,,,,,,,,,
1290,,,P,George,Tyler,George Tyler,Dragon,1617-05-03,1617-06-18,,,,,,,,,
1291,,,C,Mathewe,Typlen,Mathewe Typlen,Globe,1617-08-19,1617-09-22,,,,,,,,,
1292,,,C,Jacob,Tyro,Jacob Tyro,Charles,1618-02-25,1618-09-19,,,,alternate first name: Timm,,,,,
1293,,,C,Jas,Tyson,Jas Tyson,Charles,,1621-01-01,,,,alternate last name: Tison, probate date: missing month, probate date: missing day,,,
1296,,,C,Abraham,Vallis,Abraham Vallis,New Year's Gift,,1616-01-01,,,,alternate last name: Vallies, probate date: missing month, probate date: missing day,,,
1297,,,C,Andrew,Vandansker,Andrew Vandansker,Trades Increase,1613-04-24,1614-08-06,,,,,,,,,
1298,,,C,Robert,Vaughan,Robert Vaughan,Rose,1617-01-15,1618-09-22,,,,corrected ship name: Rose of London,,,,,
1299,,,C,Gregory,Venne,Gregory Venne,Thomas,1617-05-14,1618-09-14,,,,,,,,,
1300,,11/107/388v,P,Robert,Venus,Robert Venus,,1604-02-17,1606-06-04,,,,,,,,,
1301,,,C,John,Verdue,John Verdue,,1606-05-16,1606-06-17,,,,uncertain first name,,,,,
1302,,11/107/383v,P,William,Vernute,William Vernute,Dragon,1605-03-03,1606-06-06,,,,,,,,,
1303,,11/107/336,P,Thomas,Vyans,Thomas Vyans,Dragon,1604-12-17,1606-06-16,,,,,,,,,
1304,,,C,Robert,Vye,Robert Vye,Clove,1614-09-13,1615-11-16,,,,additional ship: Concord,,,,,
1306,,,C,Thomas,Wakeline,Thomas Wakeline,New Year's Gift,1616-06-03,1616-07-13,,,,,,,,,
1308,,,C,John,Walker,John Walker,Anne,,1619-01-01,,,,probate date: missing month, probate date: missing day,,,,
1312,,11/108/39,P,Robert,Wallis,Robert Wallis,,1604-01-31,1606-07-15,,,,,,,,,
1313,,,P,Henry,Walter,Henry Walter,Hope,1618-03-15,1618-09-28,,,,,,,,,
1315,,,P,Gilbert,Waltham,Gilbert Waltham,,1613-09-02,1613-12-23,,,,,,,,,
1316,,,C,,Wardle,Wardle,,,1698-01-01,,,,missing first name, alternate last name: Wardell, probate date: missing month, probate date: missing day,,
1319,,11/126/176v,P,John,Washer,John Washer,James,1613-04-22,1615-10-16,,,,,,,,,
1320,,,P,John,Washington,John Washington,Charles,1618-04-25,1618-09-29,,,,,,,,,
1322,,,P,William,Watkins,William Watkins,London,,1627-01-01,,,,probate date: missing month, probate date: missing day,,,,
1324,,,C,Peter,Watson,Peter Watson,Hector,1613-08-04,1614-01-05,,,,,,,,1,
1326,,,C,Roger,Watson,Roger Watson,New Year's Gift,1616-06-06,1616-07-17,,,,,,,,,
1329,,,C,Robert,Way,Robert Way,Eagle,,1623-01-01,,,,alternate last name: Wey, alternate last name: Wye, probate date: missing month, probate date: missing day,,
1331,,,C,Jas,Webb,Jas Webb,Clove,,1622-01-01,,,,probate date: missing month, probate date: missing day,,,,
1332,,11/102/318v,P,John,Webb,John Webb,Dragon,1601-09-04,1603-11-03,,,,,,,,,
1333,,,P,Rowland,Webb,Rowland Webb,,1611-09-14,1614-08-30,,,,,,,,,
1334,,,C,William,Webb,William Webb,,1617-10-12,1618-09-17,,,,,,,,,
1335,,,P,James,Webber,James Webber,Clove,,1622-01-01,,,,probate date: missing month, probate date: missing day,,,,
1336,,,C,Thomas,Webstar,Thomas Webstar,,,1619-01-01,,,,probate date: missing month, probate date: missing day,,,,
1337,,,C,Richard,Weekes,Richard Weekes,Star,,1622-01-01,,,,corrected ship name: Starr, probate date: missing month, probate date: missing day,,,
1339,,,P,George,Weigh,George Weigh,Charles,,1627-01-01,,,,probate date: missing month, probate date: missing day,,,,
1340,LMA Microfilm,,C,Henry,Welham,Henry Welham,Bee,,1623-01-01,,,,alternate last name: Wellham, probate date: missing month, probate date: missing day,,,
1342,,,C,David,Welsh,David Welsh,Discovery,,1625-01-01,,,,probate date: missing month, probate date: missing day,,,,
1343,,,C,Stephen,Welshe,Stephen Welshe,Royal James,,1621-01-01,,,,probate date: missing month, probate date: missing day,,,,
1344,,,C,Henry,Weme,Henry Weme,Clove,1616-12-15,1617-07-01,,,,alternate last name: Wemys,,,,,
1345,,11/123/721,P,obert,Wentworthe,obert Wentworthe,,,1614-06-28,merchant,,,,,,,,
1346,,11/102/157,P,Henrie,West,Henrie West,Hector,1603-05-30,1603-10-15,,,,,,,,,
1347,,,P,Thomas,West,Thomas West,Royal James,,1621-01-01,,,,probate date: missing month, probate date: missing day,,,,
1349,,,P,Richard,Westbye,Richard Westbye,,,1619-01-01,,,,probate date: missing month, probate date: missing day,,,,
1350,,,P,Henry,Westway,Henry Westway,Lion,,1627-01-01,,,,corrected ship name: Lyon, probate date: missing month, probate date: missing day,,,
1351,,,P,William,Westwood,William Westwood,,,1614-07-05,,,,uncertain first name,,,,,
1352,,,P,Thomas,Wharton,Thomas Wharton,Floriander,,1618-01-01,,,,probate date: missing month, probate date: missing day,,,,
1354,,,C,Cuthbert,Wherry,Cuthbert Wherry,Supply,,1622-01-01,,,,alternate last name: Whary, alternate last name: Wharie, probate date: missing month, probate date: missing day,,
1355,,,C,Thomas,Whichales,Thomas Whichales,Charles,1616-01-27,1618-09-16,,,,alternate last name: Witchell,,,,,
1357,,,P,James ,White,James  White,Royal James,,1621-01-01,,,,probate date: missing month, probate date: missing day,,,,
1358,,9171/20/197v,C,Roger,White,Roger White,Dragon,1605-07-27,1606-08-12,,,,unsure ship name,,,,,
1359,,,C,Thomas,White,Thomas White,James,1612-01-21,1615-09-15,,,,,,,,,
1360,,,C,William,White,William White,Expedition,,1617-01-01,,,,probate date: missing month, probate date: missing day,,,,
1361,,,C,Nicholas,Whitfeild,Nicholas Whitfeild,James,1613-01-15,1615-09-22,,,,,,,,,
1362,,11/101/398v,P,William,Whitinge,William Whitinge,Ascension,1601-09-04,1603-07-01,,,,,,,,,
1366,,,P,Thomas,Whittington,Thomas Whittington,,1610-03-19,1614-06-23,,,,,,,,,
1367,,,C,William,Whyte,William Whyte,Expedition,1616-11-13,1617-06-16,,,,,,,,,
1368,,9171/20/193,C,Robert,Wickes,Robert Wickes,Tiger,1604-10-21,1606-07-15,,,,,,,,,
1369,,,P,Richard,Wickham,Richard Wickham,Clove,,1621-01-01,,,,probate date: missing month, probate date: missing day,,,,
1370,,,P,Alexander,Wicksted,Alexander Wicksted,,1610-03-21,1613-10-22,,,,,,,,,
1371,,11/122/333,P,Alexander,Wicksted/Weekestede,Alexander Wicksted,,,1614-01-21,clerk for EIC,,,made a 2nd will as preacher of Peppercorn,,,,,
1373,,,C,Richard,Wiles,Richard Wiles,,,1610-01-01,,,,probate date: missing month, probate date: missing day,,,,
1374,,,P,John,Wilkenson,John Wilkenson,,1613-08-19,1613-12-14,,,,,,,,,
1375,,,P,John,Wilkin,John Wilkin,Royal James,,1621-01-01,,,,probate date: missing month, probate date: missing day,,,,
1376,,,P,Morris,Wilkinson,Morris Wilkinson,London,,1627-01-01,,,,probate date: missing month, probate date: missing day,,,,
1377,,11/102/214,P,Georg,Wilkinsonne,Georg Wilkinsonne,Dragon,1602-12-08,1603-10-08,,,,,,,,,
1378,,,C,William,Willams,William Willams,Trades Increase,,1614-01-01,,,,alternate last name: Williames, probate date: missing month, probate date: missing day,,,
1379,,,C,Arthur,Willard,Arthur Willard,Anne,,1619-01-01,,,,alternate last name: Wyllard, probate date: missing month, probate date: missing day,,,
1380,,,C,William,Williames,William Williames,Trades Increase,1613-04-16,1614-08-30,,,,,,,,,
1381,,,P,Edward,Williams,Edward Williams,Peppercorn,1617-07-28,1617-09-13,,,,additional ship: Globe,,,,,
1382,,,C,Edward,Williams,Edward Williams,,1613-01-12,1614-12-30,,,,,,,,,
1383,,11/130/282,P,Edward ,Williams,Edward  Williams,Peppercorn,,1617-09-12,bos'n,,,,,,,,
1384,,,C,ffrances,Williams,ffrances Williams,,1614-02-25,1614-12-13,,,,,,,,,
1386,,,C,Frances,Williams,Frances Williams,,1614-02-25,1614-12-13,,,,,,,,,
1387,,,P,George,Williams,George Williams,Royal James,,1621-01-01,,,,probate date: missing month, probate date: missing day,,,,
1388,,,C,John,Williams,John Williams,Clove,1604-02-19,1614-12-22,,,,,,,,,
1389,,11/126/111v,P,John,Williams,John Williams,,1610-03-06,1615-09-30,,,,,,,,,
1391,,,C,Thomas,Williams,Thomas Williams,,1615-12-07,1617-09-26,,,,,,,,,
1392,,,C,John,Willis,John Willis,,1615-08-23,1615-09-13,,,,,,,,,
1394,,,C,Roger,Willson,Roger Willson,New Year's Gift,1616-05-28,1616-07-12,,,,,,,,,
1396,,,C,George,Wilson,George Wilson,New Year's Gift,1619-09-15,1621-01-08,,,,,,,,,
1397,,11/107/387v,P,John,Wilson,John Wilson,Emanuell,1605-09-05,1621-10-16,,,,,,,,,
1398,,,C,Roger,Wilson,Roger Wilson,New Year's Gift,,1616-01-01,,,,alternate last name: Willson, probate date: missing month, probate date: missing day,,,
1400,,,C,John,Windresse,John Windresse,Dragon,1613-10-17,1614-07-14,,,,,,,,,
1401,,,C,Robert,Winnie,Robert Winnie,Expedition,1617-01-05,1617-06-13,,,,,,,,,
1403,,??,C,John,Winston,John Winston,,1608-03-07,1611-04-08,,,,,,,,,
1404,,9171/21/200,C,George,Winter,George Winter,Hopewell,1609-08-20,1609-11-23,,,,,,,,,
2000,,11/152/835,P,Walter ,Winter,Walter Winter ,Hart,,1627-12-12,merchant tailor,,,,,,,,
1405,,11/102/187,P,William,Winter,William Winter,Dragon,1602-02-26,1603-10-11,,,,,,,,,
1406,,11/128/171,P,John,Wise,John Wise,New Year's Gift,1616-05-20,1616-08-05,sailor,,,,,,,,
1407,,,P,Nicholas,Withen,Nicholas Withen,Dolphin,,1628-01-01,,,,probate date: missing month, probate date: missing day,,,,
1408,,9171/20/172,C,Charles,Wood,Charles Wood,Dragon,1605-11-07,1606-05-31,,,,,,,,,
1409,,,C,Elias,Wood,Elias Wood,Discovery,,1625-01-01,,,,probate date: missing month, probate date: missing day,,,,
1410,,,C,Gwye,Wood,Gwye Wood,Peppercorn,1616-03-18,1617-09-13,,,,alternate first name: Gwido,,,,,
1411,,,C,John,Wood,John Wood,Jonas,,1623-01-01,,,,probate date: missing month, probate date: missing day,,,,
1412,,,C,Thomas,Wood,Thomas Wood,Lion,,1620-01-01,,,,probate date: missing month, probate date: missing day,,,,
1413,,,C,Thomas,Woode,Thomas Woode,Clove,,1623-01-01,,,,probate date: missing month, probate date: missing day,,,,
1414,LMA Microfilm,,C,Thomas,Woode,Thomas Woode,Discovery,,1625-01-01,,,,probate date: missing month, probate date: missing day,,,,
1415,,,P,Walter,Woodgreene,Walter Woodgreene,,1603-11-20,1603-11-29,,,,,,,,,
1417,,,C,Thomas,Woodyard,Thomas Woodyard,Solomon,1614-02-08,1618-09-17,,,,,,,,,
1418,,,P,Richard,Woolters,Richard Woolters,Charles,1615-03-16,1618-09-21,,,,,,,,,
1419,,,C,Thomas,Worsley,Thomas Worsley,,1616-09-02,1617-07-04,,,,uncertain first name,,,,,
1420,,,C,Edward,Worsopp,Edward Worsopp,Royal James,1619-01-09,1622-08-04,,,,,,,,,
1421,LMA Microfilm,,C,Edward,Wotton,Edward Wotton,Globe,,1623-01-01,,,,alternate last name: Wooten, probate date: missing month, probate date: missing day,,,
1422,,,C,Richard,Wraxall,Richard Wraxall,,1618-01-30,1620-03-07,,,,,,,,,
1423,,,P,Christopher,Wright,Christopher Wright,Jonas,,1626-01-01,,,,probate date: missing month, probate date: missing day,,,,
1424,,,C,Peter,Wright,Peter Wright,Clove,,1625-01-01,,,,probate date: missing month, probate date: missing day,,,,
1425,,,P,John,Wrighte,John Wrighte,Hector,1603-08-08,1613-10-30,,,,,,,,,
1426,,,P,John,Wrighte,John Wrighte,Hector,1603-08-08,1613-10-30,,,,,,,,,
1427,,,C,John,Wrighte,John Wrighte,Thomas,,1613-11-12,,,,unsure ship name,,,,,
1428,,,C,John,Wrighte,John Wrighte,Thomas,,1613-11-12,,,,,,,,,
1429,,,P,William,Wyet,William Wyet,Globe,,1623-01-01,quartermaster,,,probate date: missing month, probate date: missing day,,,,
1430,,,C,Seabrion,Wynon,Seabrion Wynon,Royal James,,1623-01-01,,,,probate date: missing month, probate date: missing day,,,,
1431,,11/132/701,P,Thomas              Martin,,Thomas Martin,Rose,,1618,gunner,,,,,,,,
